-- phpMyAdmin SQL Dump
-- version 5.0.1
-- https://www.phpmyadmin.net/
--
-- Host: 127.0.0.1
-- Tempo de geração: 22-Nov-2021 às 23:35
-- Versão do servidor: 10.4.11-MariaDB
-- versão do PHP: 7.4.3

SET FOREIGN_KEY_CHECKS=0;
SET SQL_MODE = "NO_AUTO_VALUE_ON_ZERO";
SET AUTOCOMMIT = 0;
START TRANSACTION;
SET time_zone = "+00:00";


/*!40101 SET @OLD_CHARACTER_SET_CLIENT=@@CHARACTER_SET_CLIENT */;
/*!40101 SET @OLD_CHARACTER_SET_RESULTS=@@CHARACTER_SET_RESULTS */;
/*!40101 SET @OLD_COLLATION_CONNECTION=@@COLLATION_CONNECTION */;
/*!40101 SET NAMES utf8mb4 */;

--
-- Banco de dados: `phkondo`
--

--
-- Truncar tabela antes do insert `accounts`
--

TRUNCATE TABLE `accounts`;
--
-- Extraindo dados da tabela `accounts`
--

INSERT INTO `accounts` (`id`, `condo_id`, `title`, `bank`, `balcony`, `contacts`, `account_number`, `nib`, `iban`, `swift`, `main_account`, `comments`, `balance`, `modified`, `created`) VALUES
(1, 1, 'Main Account', 'Banco Condominum', 'Beja', 'agent@condobank.pt', '004578984123', '0033004578984123', '0033004578984123', '2545', 1, '', '3162.34', '2021-11-21 23:44:55', '2021-09-26 17:17:57'),
(2, 1, 'Reserv Account', 'Banco Condominum', 'Beja', 'agent@condobank.pt', '004578984124', '0033004578984124', '0033004578984124', '2545', 1, '', '4030.00', '2021-09-26 19:02:11', '2021-09-26 18:16:08');

-- --------------------------------------------------------

--
-- Truncar tabela antes do insert `accounts_fiscal_years`
--

TRUNCATE TABLE `accounts_fiscal_years`;
--
-- Extraindo dados da tabela `accounts_fiscal_years`
--

INSERT INTO `accounts_fiscal_years` (`id`, `account_id`, `fiscal_year_id`, `balance`, `modified`, `created`) VALUES
(1, 1, 1, '3162.34', '2021-09-26 17:19:20', '2021-09-26 17:19:20'),
(2, 2, 1, '4030.00', '2021-09-26 18:16:49', '2021-09-26 18:16:49');

-- --------------------------------------------------------

--
-- Truncar tabela antes do insert `administrators`
--

TRUNCATE TABLE `administrators`;
--
-- Extraindo dados da tabela `administrators`
--

INSERT INTO `administrators` (`id`, `condo_id`, `entity_id`, `fiscal_year_id`, `title`, `functions`, `modified`, `created`) VALUES
(1, 1, 4, 1, 'Administrator', '', '2021-09-23 15:44:49', '2021-09-23 15:44:49');

-- --------------------------------------------------------

--
-- Truncar tabela antes do insert `budgets`
--

TRUNCATE TABLE `budgets`;
--
-- Extraindo dados da tabela `budgets`
--

INSERT INTO `budgets` (`id`, `condo_id`, `fiscal_year_id`, `budget_type_id`, `budget_status_id`, `title`, `budget_date`, `requested_amount`, `amount`, `common_reserve_fund`, `begin_date`, `shares`, `share_periodicity_id`, `share_distribution_id`, `due_days`, `meeting_draft`, `comments`, `modified`, `created`) VALUES
(1, 1, 1, 1, 2, 'Budget Proposal 2021', '2021-01-01', '3600.00', '4260.00', '10.00', '2021-01-01', 12, 5, 3, 8, 'DOC2021-01', '', '2021-09-23 16:17:35', '2021-09-23 16:10:12');

-- --------------------------------------------------------


TRUNCATE TABLE `condos`;
--
-- Extraindo dados da tabela `condos`
--

INSERT INTO `condos` (`id`, `title`, `taxpayer_number`, `address`, `email`, `land_registry_year`, `comments`, `active`, `modified`, `created`, `matrix_registration`, `land_registry`) VALUES
(1, 'COND-DEMO', '123321123', 'Rua da Escola Primária N51\r\n5482-651 Algures\r\n', 'cond0001@email.com', 1977, '', 1, '2021-09-23 14:57:53', '2021-09-23 14:53:53', '', '');

-- --------------------------------------------------------

--
-- Truncar tabela antes do insert `entities`
--

TRUNCATE TABLE `entities`;
--
-- Extraindo dados da tabela `entities`
--

INSERT INTO `entities` (`id`, `name`, `vat_number`, `representative`, `address`, `contacts`, `email`, `bank`, `nib`, `comments`, `modified`, `created`) VALUES
(1, 'Joana Monteiro', '321123321', '', 'Rua da Escola Primária N51 1ºDto', '96111222', 'joana@email.pt', 'Banco de Portugal', '0032 195628 5000 ', 'Nada a declarar', '2021-09-23 15:03:40', '2021-09-23 15:03:40'),
(2, 'Rui Monteiro', '213312212', 'Joana Monteiro', 'Rua do Casal Do Marco N36\r\nCasal do Marco\r\nSeixal', '96987456', 'joana@email.pt', 'Banco de Portugal', '0032 195628 5000 ', '', '2021-09-23 15:07:48', '2021-09-23 15:07:48'),
(3, 'José dos Santos Silva', '987789987', '', 'Rua da Escola Primária Nº51\r\n5482-651 Beja', '998788789', 'jose@email.com', 'Banco do Brasil', '0032 195628 5000 ', '', '2021-09-23 15:22:57', '2021-09-23 15:21:28'),
(4, 'Irene Garcia', '852258852', '', 'Rua da Escola Primária n51\r\n5482-651 Beja', '998745621', '', '', '', '', '2021-09-23 15:22:31', '2021-09-23 15:22:31'),
(5, 'Paulino Rato', '65445665', '', 'Rua da Escola Primária N15 3E\r\n5428-654 Beja', '', '', '', '', '', '2021-09-23 15:31:31', '2021-09-23 15:31:31'),
(6, 'Antonio Figueiredo', '852456852', '', 'Rua da Escola Primária N51 4ºEsq\r\n5482-651 Beja\r\n', '699858745', '', '', '', '', '2021-09-23 15:33:20', '2021-09-23 15:33:20'),
(7, 'Manuela Maluca', '852777654', '', '', '', '', '', '', '', '2021-09-23 15:34:45', '2021-09-23 15:34:45'),
(8, 'Alice Profirio', '89878787', '', '', '888778899', 'alice@email.com', 'Banco de Angola', '0032 195628 5000 ', '', '2021-09-23 15:36:19', '2021-09-23 15:36:19'),
(9, 'Silva Falção Palhares', '879852445', '', 'Rua da Escola Primária N51 1ºDto\r\n5482-651 Beja', '', '', '', '', '', '2021-09-23 15:37:46', '2021-09-23 15:37:46'),
(10, 'José Simplicio', '587896541', '', 'Rua da Escola Primária N51 2ºDto\r\n5482-651 Beja ', '', '', '', '', '', '2021-09-23 15:38:46', '2021-09-23 15:38:46'),
(11, 'Carlos Simplicio', '666666666', '', 'Rua da Escola Primária N51 2ºDto\r\n5482-651 Beja ', '', '', '', '', '', '2021-09-23 15:39:18', '2021-09-23 15:39:18'),
(12, 'Carlos Taveira', '666666555', 'Joana Monteiro', 'Rua da Escola Primária N51 3ºDto\r\n5482-651 Beja ', '', '', '', '', '', '2021-09-23 15:40:43', '2021-09-23 15:40:43'),
(13, 'Manuela Bentini', '852456987', '', 'Rua da Escola Primária N51 4ºDto\r\n5482-651 Beja ', '587897888', 'bentini@email.com', 'Banco de Italia', '', '', '2021-09-23 15:42:05', '2021-09-23 15:42:05'),
(14, 'Joaquim Homem', '87985245', '', 'Rua da Escola Primária N51 5ºDto\r\n5482-651 Beja ', '', '', '', '', '', '2021-09-23 15:42:52', '2021-09-23 15:42:52'),
(15, 'Manuel Galo', '879879878', '', 'Rua da Escola Primária N51 6ºDto\r\n5482-651 Beja ', '', '', '', '', '', '2021-09-23 15:43:39', '2021-09-23 15:43:39'),
(16, 'Matilde Galo', '878954565', '', 'Rua da Escola Primária N51 6ºDto\r\n5482-651 Beja ', '', '', '', '', '', '2021-09-23 15:44:02', '2021-09-23 15:44:02');

-- --------------------------------------------------------

--
-- Truncar tabela antes do insert `entities_fractions`
--

TRUNCATE TABLE `entities_fractions`;
--
-- Extraindo dados da tabela `entities_fractions`
--

INSERT INTO `entities_fractions` (`id`, `entity_id`, `fraction_id`, `owner_percentage`, `modified`, `created`) VALUES
(1, 1, 1, '100.00', '2021-09-23 15:03:40', '2021-09-23 15:03:40'),
(2, 1, 2, '50.00', '2021-09-23 15:06:36', '2021-09-23 15:06:36'),
(3, 2, 2, '50.00', '2021-09-23 15:07:48', '2021-09-23 15:07:48'),
(4, 3, 3, '100.00', '2021-09-23 15:22:57', '2021-09-23 15:21:28'),
(6, 4, 4, '100.00', '2021-09-23 15:24:24', '2021-09-23 15:24:24'),
(7, 5, 5, '100.00', '2021-09-23 15:31:32', '2021-09-23 15:31:32'),
(8, 6, 6, '100.00', '2021-09-23 15:33:20', '2021-09-23 15:33:20'),
(9, 7, 7, '100.00', '2021-09-23 15:34:45', '2021-09-23 15:34:45'),
(10, 8, 8, '100.00', '2021-09-23 15:36:20', '2021-09-23 15:36:20'),
(11, 9, 9, '100.00', '2021-09-23 15:37:46', '2021-09-23 15:37:46'),
(12, 10, 10, '50.00', '2021-09-23 15:38:46', '2021-09-23 15:38:46'),
(13, 11, 10, '50.00', '2021-09-23 15:39:18', '2021-09-23 15:39:18'),
(14, 12, 11, '100.00', '2021-09-23 15:40:43', '2021-09-23 15:40:43'),
(15, 13, 12, '100.00', '2021-09-23 15:42:05', '2021-09-23 15:42:05'),
(16, 14, 13, '100.00', '2021-09-23 15:42:52', '2021-09-23 15:42:52'),
(17, 15, 14, '75.00', '2021-09-23 15:43:39', '2021-09-23 15:43:39'),
(18, 16, 14, '25.00', '2021-09-23 15:44:02', '2021-09-23 15:44:02');

-- --------------------------------------------------------

--
-- Truncar tabela antes do insert `fiscal_years`
--

TRUNCATE TABLE `fiscal_years`;
--
-- Extraindo dados da tabela `fiscal_years`
--

INSERT INTO `fiscal_years` (`id`, `condo_id`, `title`, `open_date`, `close_date`, `active`, `modified`, `created`) VALUES
(1, 1, 'Year 2021', '2021-01-01', '2021-12-31', 1, '2021-09-23 14:58:40', '2021-09-23 14:58:40');

-- --------------------------------------------------------

--
-- Truncar tabela antes do insert `fractions`
--

TRUNCATE TABLE `fractions`;
--
-- Extraindo dados da tabela `fractions`
--

INSERT INTO `fractions` (`id`, `condo_id`, `manager_id`, `fraction`, `fraction_type_id`, `location`, `description`, `permillage`, `comments`, `modified`, `created`) VALUES
(1, 1, NULL, 'A', 7, 'Loja A', '', '80.00', NULL, '2021-09-23 15:28:43', '2021-09-23 15:01:08'),
(2, 1, NULL, 'B', 7, 'Loja B', '', '80.00', NULL, '2021-09-23 15:29:13', '2021-09-23 15:06:00'),
(3, 1, NULL, 'C', 1, '1º Esq', '', '70.00', NULL, '2021-09-23 15:30:06', '2021-09-23 15:19:52'),
(4, 1, NULL, 'D', 1, '2ºEsq', '', '70.00', NULL, '2021-09-23 15:29:46', '2021-09-23 15:24:08'),
(5, 1, NULL, 'E', 1, '3ºEsq', '', '70.00', NULL, '2021-09-23 15:30:28', '2021-09-23 15:24:56'),
(6, 1, NULL, 'F', 1, '4º Esq', '', '70.00', NULL, '2021-09-23 15:32:07', '2021-09-23 15:32:07'),
(7, 1, NULL, 'G', 1, '5º Esq', '', '70.00', NULL, '2021-09-23 15:34:11', '2021-09-23 15:34:11'),
(8, 1, NULL, 'H', 1, '6º Esq', '', '70.00', NULL, '2021-09-23 15:35:23', '2021-09-23 15:35:23'),
(9, 1, NULL, 'I', 1, '1ºDto', '', '70.00', NULL, '2021-09-23 15:36:50', '2021-09-23 15:36:50'),
(10, 1, NULL, 'J', 1, '2ºDto', '', '70.00', NULL, '2021-09-23 15:38:15', '2021-09-23 15:38:15'),
(11, 1, NULL, 'L', 1, '3ºDto', '', '70.00', NULL, '2021-09-23 15:40:01', '2021-09-23 15:40:01'),
(12, 1, NULL, 'M', 1, '4ºDto', '', '70.00', NULL, '2021-09-23 15:41:17', '2021-09-23 15:41:17'),
(13, 1, NULL, 'N', 1, '5ºDto', '', '70.00', NULL, '2021-09-23 15:42:27', '2021-09-23 15:42:27'),
(14, 1, NULL, 'O', 1, '6ºDto', '', '70.00', NULL, '2021-09-23 15:43:13', '2021-09-23 15:43:13');

-- --------------------------------------------------------

--
-- Truncar tabela antes do insert `insurances`
--

TRUNCATE TABLE `insurances`;
--
-- Extraindo dados da tabela `insurances`
--

INSERT INTO `insurances` (`id`, `condo_id`, `fraction_id`, `expiration_date`, `title`, `insurance_company`, `policy`, `insurance_type_id`, `insurance_amount`, `insurance_premium`, `modified`, `created`) VALUES
(1, 1, 2, '2021-09-30', 'Property Insurance', 'SeguraBem', 'APOSB234050', 1, '100000.00', '10000.00', '2021-09-23 15:09:09', '2021-09-23 15:09:09');

-- --------------------------------------------------------

--
-- Truncar tabela antes do insert `invoice_conferences`
--

TRUNCATE TABLE `invoice_conferences`;
--
-- Extraindo dados da tabela `invoice_conferences`
--

INSERT INTO `invoice_conferences` (`id`, `condo_id`, `fiscal_year_id`, `supplier_id`, `description`, `document`, `amount`, `document_date`, `payment_due_date`, `payment_date`, `invoice_conference_status_id`, `comments`, `modified`, `created`) VALUES
(1, 1, 1, 1, 'Taxes', '00003760896', '85.44', '2021-06-20', '2021-06-30', '2021-06-30', 5, '', '2021-09-27 15:02:06', '2021-09-27 13:29:01'),
(2, 1, 1, 1, 'Taxes', '00548203', '85.45', '2021-11-05', '2021-12-31', NULL, 1, '', '2021-09-27 15:01:45', '2021-09-27 13:29:50'),
(3, 1, 1, 2, 'Maintenance Roof', '930', '65.00', '2021-10-11', '2021-11-11', NULL, 1, '', '2021-09-27 15:03:58', '2021-09-27 13:33:49'),
(4, 1, 1, 3, 'Maintenance Doors', '9138', '75.00', '2021-09-01', '2021-10-01', NULL, 3, '', '2021-09-27 15:03:17', '2021-09-27 13:35:03'),
(5, 1, 1, 4, 'Electricity', '10263501832', '82.98', '2021-01-15', '2021-01-29', '2021-01-15', 5, '', '2021-09-27 13:45:25', '2021-09-27 13:37:03'),
(6, 1, 1, 4, 'Electricity', '10273984997', '86.41', '2021-03-15', '2021-03-29', '2021-03-25', 5, '', '2021-09-27 14:59:31', '2021-09-27 13:37:54'),
(7, 1, 1, 4, 'Electricity', '10284870948', '77.66', '2021-05-09', '2021-05-30', '2021-05-09', 5, '', '2021-09-27 14:59:56', '2021-09-27 13:38:37'),
(8, 1, 1, 4, 'Electricity', '10295259780', '82.76', '2021-07-20', '2021-08-03', '2021-07-20', 5, '', '2021-09-27 15:00:25', '2021-09-27 13:39:28'),
(9, 1, 1, 4, 'Electricity', '10306303186', '79.68', '2021-08-16', '2021-08-30', '2021-08-30', 5, '', '2021-09-27 15:00:50', '2021-09-27 13:40:09'),
(10, 1, 1, 4, 'Electricity', '10316955705', '77.84', '2021-10-31', '2021-11-08', NULL, 1, '', '2021-09-27 15:01:08', '2021-09-27 13:40:48'),
(11, 1, 1, 5, 'Maintenance Lifts', '2021-1277', '137.18', '2021-02-16', '2021-02-16', '2021-02-16', 5, '', '2021-09-27 14:57:07', '2021-09-27 13:42:13'),
(12, 1, 1, 5, 'Maintenance Lifts', '2021-3666', '137.18', '2021-05-15', '2021-05-15', '2021-05-15', 5, '', '2021-09-27 14:57:41', '2021-09-27 13:42:55'),
(13, 1, 1, 5, 'Maintenance Lifts', '2021-5508', '137.18', '2021-11-15', '2021-11-15', NULL, 1, '', '2021-09-27 14:58:31', '2021-09-27 13:43:31'),
(14, 1, 1, 5, 'Maintenance Lifts', '2021-5508', '137.18', '2021-08-08', '2021-08-08', '2021-08-18', 5, '', '2021-09-27 14:58:05', '2021-09-27 13:44:26');

-- --------------------------------------------------------

--
-- Truncar tabela antes do insert `maintenances`
--

TRUNCATE TABLE `maintenances`;
--
-- Extraindo dados da tabela `maintenances`
--

INSERT INTO `maintenances` (`id`, `condo_id`, `title`, `client_number`, `contract_number`, `start_date`, `renewal_date`, `last_inspection`, `next_inspection`, `supplier_id`, `comments`, `active`, `modified`, `created`) VALUES
(1, 1, 'Maintenance Lifts', '0034', '334234234', '2019-11-15', '2021-11-15', '2019-11-30', '2021-11-30', 5, '', 1, '2021-09-27 15:24:14', '2021-09-27 15:24:14');

-- --------------------------------------------------------


TRUNCATE TABLE `movements`;
--
-- Extraindo dados da tabela `movements`
--

INSERT INTO `movements` (`id`, `movement_type_id`, `account_id`, `fiscal_year_id`, `movement_date`, `description`, `amount`, `movement_category_id`, `movement_operation_id`, `document`, `modified`, `created`) VALUES
(1, 1, 1, 1, '2021-01-01', 'Abertua de Ano Fiscal', '6567.88', 1, 1, 'BK01', '2021-09-26 19:28:15', '2021-09-26 17:19:20'),
(2, 2, 1, 1, '2021-01-05', 'Comissão Manutenção', '6.76', 17, 3, '525', '2021-09-26 17:22:30', '2021-09-26 17:22:30'),
(3, 1, 1, 1, '2021-01-05', 'IMI - Estorno', '172.68', 29, 5, 'BK02', '2021-09-26 19:31:57', '2021-09-26 17:28:41'),
(4, 2, 1, 1, '2021-01-15', 'EDP - 16-10 / 15-12', '82.98', 6, 5, 'BK02', '2021-09-26 17:29:43', '2021-09-26 17:29:43'),
(5, 2, 1, 1, '2021-01-20', 'Janeiro 2021', '103.32', 15, 3, 'BK05', '2021-09-26 19:21:53', '2021-09-26 17:30:50'),
(6, 2, 1, 1, '2021-01-20', 'Janeiro 2021', '79.95', 2, 3, 'BK06', '2021-09-26 17:31:51', '2021-09-26 17:31:51'),
(7, 2, 1, 1, '2021-01-25', 'CTT - Envio de Contas', '33.62', 9, 5, 'CV01', '2021-09-26 17:33:04', '2021-09-26 17:33:04'),
(8, 2, 1, 1, '2021-02-05', 'Comissão Manutenção De Conta', '6.76', 17, 3, 'BK021', '2021-09-26 17:34:23', '2021-09-26 17:34:23'),
(9, 2, 1, 1, '2021-02-16', '1º Trimestre', '137.18', 13, 3, '137.18', '2021-09-26 17:35:27', '2021-09-26 17:35:27'),
(10, 2, 1, 1, '2021-02-20', 'Fevereiro 2021', '103.32', 15, 3, 'ADM02', '2021-09-26 19:21:38', '2021-09-26 17:36:29'),
(11, 2, 1, 1, '2021-02-20', 'Fevereiro 2021', '79.95', 2, 3, '', '2021-09-26 17:41:18', '2021-09-26 17:41:18'),
(12, 2, 1, 1, '2021-02-28', 'Comissão Manutenção De Conta', '6.76', 17, 5, '', '2021-09-26 17:43:25', '2021-09-26 17:43:25'),
(13, 2, 1, 1, '2021-03-06', 'Envio de Documentos Administrativos', '56.15', 9, 5, '', '2021-09-26 17:45:02', '2021-09-26 17:45:02'),
(14, 2, 1, 1, '2021-03-12', 'EDP - 16-16 / 15-02', '86.41', 6, 5, '', '2021-09-26 17:46:01', '2021-09-26 17:46:01'),
(15, 1, 1, 1, '2021-03-25', 'IMI - Estorno', '172.68', 29, 4, '', '2021-09-26 17:47:00', '2021-09-26 17:47:00'),
(16, 2, 1, 1, '2021-03-20', 'Março 2021', '103.32', 15, 3, '', '2021-09-26 19:20:52', '2021-09-26 17:48:08'),
(17, 2, 1, 1, '2021-03-20', 'Março 2021', '79.95', 2, 3, '', '2021-09-26 17:53:13', '2021-09-26 17:49:58'),
(18, 2, 1, 1, '2021-04-05', 'Comissão Manutenção De Conta', '6.76', 17, 5, '', '2021-09-26 17:50:42', '2021-09-26 17:50:42'),
(19, 2, 1, 1, '2021-04-20', 'Abril 2021', '103.32', 15, 3, '', '2021-09-26 17:51:44', '2021-09-26 17:51:44'),
(20, 2, 1, 1, '2021-04-20', 'Abril 2021', '79.95', 2, 3, '', '2021-09-26 17:52:56', '2021-09-26 17:52:21'),
(21, 2, 1, 1, '2021-05-07', 'Comissão Manutenção De Conta', '6.76', 17, 5, '', '2021-09-26 17:54:09', '2021-09-26 17:54:09'),
(22, 2, 1, 1, '2021-05-09', '16/02 - 115/04', '77.66', 6, 3, '', '2021-09-26 17:55:24', '2021-09-26 17:55:24'),
(23, 2, 1, 1, '2021-05-15', '2º Trimestre', '137.18', 13, 3, '', '2021-09-26 17:56:25', '2021-09-26 17:56:25'),
(24, 2, 1, 1, '2021-05-20', '1º Pagamento', '85.45', 29, 5, '111548203', '2021-09-26 19:11:37', '2021-09-26 17:57:19'),
(25, 2, 1, 1, '2021-05-20', 'Maio 2021', '103.32', 15, 3, '', '2021-09-26 17:57:59', '2021-09-26 17:57:59'),
(26, 2, 1, 1, '2021-05-20', 'Maio 2021', '79.95', 2, 3, '', '2021-09-26 17:58:36', '2021-09-26 17:58:36'),
(27, 2, 1, 1, '2021-06-05', 'Comissão Manutenção De Conta', '6.76', 17, 3, '', '2021-09-26 17:59:25', '2021-09-26 17:59:25'),
(28, 2, 1, 1, '2021-06-20', 'Junho 2021', '103.32', 15, 3, '', '2021-09-26 18:00:36', '2021-09-26 18:00:36'),
(29, 2, 1, 1, '2021-06-20', 'Junho 2021', '79.95', 2, 3, '', '2021-09-26 18:01:44', '2021-09-26 18:01:44'),
(30, 2, 1, 1, '2021-07-02', '16/04 - 15/06', '82.76', 6, 5, '', '2021-09-26 18:02:44', '2021-09-26 18:02:44'),
(31, 2, 1, 1, '2021-07-05', 'Comissão Manutenção De Conta', '6.76', 17, 3, '', '2021-09-26 18:03:34', '2021-09-26 18:03:34'),
(32, 2, 1, 1, '2021-07-22', 'Julho 2002', '79.95', 2, 3, '', '2021-09-26 18:04:41', '2021-09-26 18:04:41'),
(33, 2, 1, 1, '2021-08-06', 'Comissão Manutenção De Conta', '6.76', 17, 5, '', '2021-09-26 18:06:06', '2021-09-26 18:06:06'),
(34, 2, 1, 1, '2021-08-18', '3º Trimestre', '137.18', 13, 3, '', '2021-09-26 18:06:53', '2021-09-26 18:06:53'),
(35, 2, 1, 1, '2021-08-20', 'Agosto 2021', '103.32', 15, 5, '', '2021-09-26 18:08:01', '2021-09-26 18:08:01'),
(36, 2, 1, 1, '2021-08-20', 'Agosto 2021', '79.95', 2, 3, '', '2021-09-26 18:08:29', '2021-09-26 18:08:29'),
(37, 2, 1, 1, '2021-08-30', '16/06 - 15/08', '79.68', 6, 3, '', '2021-09-26 18:09:33', '2021-09-26 18:09:33'),
(38, 2, 1, 1, '2021-09-06', 'Comissão Manutenção De Conta', '6.76', 17, 3, '', '2021-09-26 18:12:27', '2021-09-26 18:12:27'),
(39, 2, 1, 1, '2021-09-20', 'Setembro 2021', '103.32', 15, 3, '', '2021-09-26 18:13:10', '2021-09-26 18:13:10'),
(40, 2, 1, 1, '2021-09-20', 'Setembro 2021', '79.95', 2, 3, '', '2021-09-26 18:13:57', '2021-09-26 18:13:57'),
(41, 1, 2, 1, '2021-01-01', 'Abertua de Ano Fiscal', '0.00', 1, 1, '', '2021-09-26 18:16:49', '2021-09-26 18:16:49'),
(42, 1, 2, 1, '2021-01-31', 'Recibos Jan ', '215.00', 8, 4, '', '2021-09-26 18:18:41', '2021-09-26 18:18:41'),
(43, 1, 2, 1, '2021-02-29', 'Recibos Fev', '215.00', 8, 4, '', '2021-09-26 18:20:02', '2021-09-26 18:20:02'),
(44, 1, 2, 1, '2021-03-31', 'Recibos Mar', '240.00', 8, 4, '', '2021-09-26 18:21:11', '2021-09-26 18:21:11'),
(45, 1, 2, 1, '2021-04-30', 'Abr 2021', '215.00', 8, 4, '', '2021-09-26 18:22:23', '2021-09-26 18:22:23'),
(46, 1, 2, 1, '2021-05-31', 'Recibos Mai', '265.00', 8, 4, '', '2021-09-26 18:23:29', '2021-09-26 18:23:29'),
(47, 1, 2, 1, '2021-06-30', 'Recibos Jun', '265.00', 8, 4, '', '2021-09-26 19:02:11', '2021-09-26 18:24:54'),
(48, 1, 2, 1, '2021-07-31', 'Recibos Jul', '240.00', 8, 4, '', '2021-09-26 18:25:55', '2021-09-26 18:25:55'),
(49, 1, 2, 1, '2021-08-31', 'Recibos Ago', '865.00', 8, 4, '', '2021-09-26 18:27:17', '2021-09-26 18:27:17'),
(50, 1, 2, 1, '2021-09-30', 'Recibos Set', '315.00', 8, 4, '', '2021-09-26 18:28:20', '2021-09-26 18:28:20'),
(51, 1, 2, 1, '2021-10-31', 'Recibos Out', '215.00', 8, 4, '', '2021-09-26 18:58:21', '2021-09-26 18:58:21'),
(52, 1, 2, 1, '2021-11-30', 'Recibos Nov', '290.00', 8, 4, '', '2021-09-26 18:59:27', '2021-09-26 18:59:27'),
(53, 1, 2, 1, '2021-12-31', 'Recibos Dez', '690.00', 8, 4, '', '2021-09-26 19:00:25', '2021-09-26 19:00:25'),
(54, 2, 1, 1, '2021-10-08', 'Manuntenção - Lampadas', '14.76', 4, 5, '', '2021-09-26 19:05:17', '2021-09-26 19:05:17'),
(55, 2, 1, 1, '2021-10-07', 'Comissão Manutenção De Conta', '6.76', 17, 5, '', '2021-09-26 19:11:19', '2021-09-26 19:06:09'),
(56, 2, 1, 1, '2021-10-20', 'Outubro 2021', '103.32', 15, 5, '', '2021-09-26 19:07:10', '2021-09-26 19:07:10'),
(57, 2, 1, 1, '2021-10-31', '16/06 - 15/10', '77.84', 6, 5, '', '2021-09-26 19:11:04', '2021-09-26 19:08:13'),
(58, 2, 1, 1, '2021-10-11', 'Limpeza Caleiras', '65.00', 4, 3, '', '2021-09-26 19:09:11', '2021-09-26 19:09:11'),
(59, 2, 1, 1, '2021-10-24', 'Colocação Tapete Hall', '19.07', 4, 5, '', '2021-09-26 19:09:55', '2021-09-26 19:09:55'),
(60, 2, 1, 1, '2021-11-05', 'IMI - 2º Pagamento', '85.44', 29, 5, '', '2021-09-26 19:10:46', '2021-09-26 19:10:46'),
(61, 2, 1, 1, '2021-11-06', 'Comissão Manutenção De Conta', '6.76', 17, 5, '', '2021-09-26 19:12:47', '2021-09-26 19:12:47'),
(62, 2, 1, 1, '2021-11-15', '4º Trimestre', '137.18', 13, 3, '', '2021-09-26 19:13:29', '2021-09-26 19:13:29'),
(63, 2, 1, 1, '2021-11-20', 'Novembro 2021', '103.32', 15, 3, '', '2021-09-26 19:14:19', '2021-09-26 19:14:19'),
(64, 2, 1, 1, '2021-11-20', 'Novembro 2021', '79.95', 2, 3, '', '2021-09-26 19:15:00', '2021-09-26 19:15:00'),
(65, 2, 1, 1, '2021-10-20', 'Outubro 2021', '79.95', 2, 3, '', '2021-09-26 19:15:55', '2021-09-26 19:15:55'),
(66, 2, 1, 1, '2021-12-06', 'Comissão Manutenção De Conta', '6.76', 17, 5, '', '2021-11-21 23:44:55', '2021-09-26 19:17:07'),
(67, 2, 1, 1, '2021-12-12', 'Afinanção de Porta de Entrada', '75.00', 4, 3, '', '2021-09-26 19:17:45', '2021-09-26 19:17:45'),
(68, 2, 1, 1, '2021-12-20', 'Dezembo 2021', '103.32', 15, 5, '', '2021-09-26 19:18:29', '2021-09-26 19:18:29'),
(69, 2, 1, 1, '2021-12-20', 'Dezembo 2021', '79.95', 2, 3, '', '2021-09-26 21:37:10', '2021-09-26 19:19:04'),
(70, 2, 1, 1, '2021-07-20', 'Julho 2021', '103.32', 15, 3, '', '2021-09-26 19:23:40', '2021-09-26 19:23:40'),
(71, 1, 1, 1, '2021-12-31', 'Fecho de Ano Fiscal', '0.00', 1, 2, '', '2021-09-26 19:39:41', '2021-09-26 19:39:41');

-- --------------------------------------------------------

--
-- Truncar tabela antes do insert `notes`
--

TRUNCATE TABLE `notes`;
--
-- Extraindo dados da tabela `notes`
--

INSERT INTO `notes` (`id`, `note_type_id`, `document`, `fraction_id`, `entity_id`, `fiscal_year_id`, `budget_id`, `amount`, `pending_amount`, `title`, `document_date`, `due_date`, `note_status_id`, `payment_date`, `receipt_id`, `modified`, `created`) VALUES
(1, 2, '1-2', 1, 1, 1, 1, '13.64', '0.00', 'Quota 1 Janeiro Proposta Orcamental 2021', '2021-01-01', '2021-01-09', 3, '2021-01-08', 1, '2021-09-26 19:50:19', '2021-09-23 16:16:45'),
(2, 2, '2-2', 1, 1, 1, 1, '1.36', '0.00', 'Fundo de Reserva 1 Janeiro Proposta Orcamental 2021', '2021-01-01', '2021-01-09', 3, '2021-01-08', 1, '2021-09-26 19:50:19', '2021-09-23 16:16:45'),
(3, 2, '3-2', 1, 1, 1, 1, '13.64', '0.00', 'Quota 2 Fevereiro Proposta Orcamental 2021', '2021-02-01', '2021-02-09', 3, '2021-02-08', 2, '2021-09-26 19:52:59', '2021-09-23 16:16:45'),
(4, 2, '4-2', 1, 1, 1, 1, '1.36', '0.00', 'Fundo de Reserva 2 Fevereiro Proposta Orcamental 2021', '2021-02-01', '2021-02-09', 3, '2021-02-08', 2, '2021-09-26 19:53:00', '2021-09-23 16:16:45'),
(5, 2, '5-2', 1, 1, 1, 1, '13.64', '0.00', 'Quota 3 Março Proposta Orcamental 2021', '2021-03-01', '2021-03-09', 3, '2021-09-26', 3, '2021-09-26 19:54:36', '2021-09-23 16:16:45'),
(6, 2, '6-2', 1, 1, 1, 1, '1.36', '0.00', 'Fundo de Reserva 3 Março Proposta Orcamental 2021', '2021-03-01', '2021-03-09', 3, '2021-09-26', 3, '2021-09-26 19:54:36', '2021-09-23 16:16:45'),
(7, 2, '7-2', 1, 1, 1, 1, '13.64', '0.00', 'Quota 4 Abril Proposta Orcamental 2021', '2021-04-01', '2021-04-09', 3, '2021-09-26', 5, '2021-09-26 20:00:01', '2021-09-23 16:16:45'),
(8, 2, '8-2', 1, 1, 1, 1, '1.36', '0.00', 'Fundo de Reserva 4 Abril Proposta Orcamental 2021', '2021-04-01', '2021-04-09', 3, '2021-09-26', 5, '2021-09-26 20:00:01', '2021-09-23 16:16:46'),
(9, 2, '9-2', 1, 1, 1, 1, '13.64', '0.00', 'Quota 5 Maio Proposta Orcamental 2021', '2021-05-01', '2021-05-09', 3, '2021-09-26', 6, '2021-09-26 20:00:48', '2021-09-23 16:16:46'),
(10, 2, '10-2', 1, 1, 1, 1, '1.36', '0.00', 'Fundo de Reserva 5 Maio Proposta Orcamental 2021', '2021-05-01', '2021-05-09', 3, '2021-09-26', 6, '2021-09-26 20:00:48', '2021-09-23 16:16:46'),
(11, 2, '11-2', 1, 1, 1, 1, '13.64', '0.00', 'Quota 6 Junho Proposta Orcamental 2021', '2021-06-01', '2021-06-09', 3, '2021-09-08', 7, '2021-09-26 20:01:40', '2021-09-23 16:16:46'),
(12, 2, '12-2', 1, 1, 1, 1, '1.36', '0.00', 'Fundo de Reserva 6 Junho Proposta Orcamental 2021', '2021-06-01', '2021-06-09', 3, '2021-09-08', 7, '2021-09-26 20:01:40', '2021-09-23 16:16:46'),
(13, 2, '13-2', 1, 1, 1, 1, '13.64', '0.00', 'Quota 7 Julho Proposta Orcamental 2021', '2021-07-01', '2021-07-09', 3, '2021-09-08', 7, '2021-09-26 20:01:40', '2021-09-23 16:16:46'),
(14, 2, '14-2', 1, 1, 1, 1, '1.36', '0.00', 'Fundo de Reserva 7 Julho Proposta Orcamental 2021', '2021-07-01', '2021-07-09', 3, '2021-09-08', 7, '2021-09-26 20:01:40', '2021-09-23 16:16:46'),
(15, 2, '15-2', 1, 1, 1, 1, '13.64', '0.00', 'Quota 8 Agosto Proposta Orcamental 2021', '2021-08-01', '2021-08-09', 3, '2021-09-08', 7, '2021-09-26 20:01:40', '2021-09-23 16:16:46'),
(16, 2, '16-2', 1, 1, 1, 1, '1.36', '0.00', 'Fundo de Reserva 8 Agosto Proposta Orcamental 2021', '2021-08-01', '2021-08-09', 3, '2021-09-08', 7, '2021-09-26 20:01:40', '2021-09-23 16:16:47'),
(17, 2, '17-2', 1, 1, 1, 1, '13.64', '0.00', 'Quota 9 Setembro Proposta Orcamental 2021', '2021-09-01', '2021-09-09', 3, '2021-09-08', 7, '2021-09-26 20:01:40', '2021-09-23 16:16:47'),
(18, 2, '18-2', 1, 1, 1, 1, '1.36', '0.00', 'Fundo de Reserva 9 Setembro Proposta Orcamental 2021', '2021-09-01', '2021-09-09', 3, '2021-09-08', 7, '2021-09-26 20:01:40', '2021-09-23 16:16:47'),
(19, 2, '19-2', 1, 1, 1, 1, '13.64', '0.00', 'Quota 10 Outubro Proposta Orcamental 2021', '2021-10-01', '2021-10-09', 1, NULL, 9, '2021-09-27 13:49:54', '2021-09-23 16:16:47'),
(20, 2, '20-2', 1, 1, 1, 1, '1.36', '0.00', 'Fundo de Reserva 10 Outubro Proposta Orcamental 2021', '2021-10-01', '2021-10-09', 1, NULL, 9, '2021-09-27 13:49:54', '2021-09-23 16:16:47'),
(21, 2, '21-2', 1, 1, 1, 1, '13.64', '13.64', 'Quota 11 Novembro Proposta Orcamental 2021', '2021-11-01', '2021-11-09', 1, NULL, NULL, '2021-09-23 16:16:47', '2021-09-23 16:16:47'),
(22, 2, '22-2', 1, 1, 1, 1, '1.36', '1.36', 'Fundo de Reserva 11 Novembro Proposta Orcamental 2021', '2021-11-01', '2021-11-09', 1, NULL, NULL, '2021-09-23 16:16:48', '2021-09-23 16:16:47'),
(23, 2, '23-2', 1, 1, 1, 1, '13.64', '13.64', 'Quota 12 Dezembro Proposta Orcamental 2021', '2021-12-01', '2021-12-09', 1, NULL, NULL, '2021-09-23 16:16:48', '2021-09-23 16:16:48'),
(24, 2, '24-2', 1, 1, 1, 1, '1.36', '1.36', 'Fundo de Reserva 12 Dezembro Proposta Orcamental 2021', '2021-12-01', '2021-12-09', 1, NULL, NULL, '2021-09-23 16:16:48', '2021-09-23 16:16:48'),
(25, 2, '25-2', 2, 2, 1, 1, '13.64', '0.00', 'Quota 1 Janeiro Proposta Orcamental 2021', '2021-01-01', '2021-01-09', 3, '2021-01-08', 8, '2021-09-26 20:08:56', '2021-09-23 16:16:48'),
(26, 2, '26-2', 2, 2, 1, 1, '1.36', '0.00', 'Fundo de Reserva 1 Janeiro Proposta Orcamental 2021', '2021-01-01', '2021-01-09', 3, '2021-01-08', 8, '2021-09-26 20:08:57', '2021-09-23 16:16:48'),
(27, 2, '27-2', 2, 2, 1, 1, '13.64', '0.00', 'Quota 2 Fevereiro Proposta Orcamental 2021', '2021-02-01', '2021-02-09', 3, '2021-05-30', 10, '2021-09-27 15:05:42', '2021-09-23 16:16:48'),
(28, 2, '28-2', 2, 2, 1, 1, '1.36', '0.00', 'Fundo de Reserva 2 Fevereiro Proposta Orcamental 2021', '2021-02-01', '2021-02-09', 3, '2021-05-30', 10, '2021-09-27 15:05:42', '2021-09-23 16:16:49'),
(29, 2, '29-2', 2, 2, 1, 1, '13.64', '0.00', 'Quota 3 Março Proposta Orcamental 2021', '2021-03-01', '2021-03-09', 3, '2021-05-30', 10, '2021-09-27 15:05:42', '2021-09-23 16:16:49'),
(30, 2, '30-2', 2, 2, 1, 1, '1.36', '0.00', 'Fundo de Reserva 3 Março Proposta Orcamental 2021', '2021-03-01', '2021-03-09', 3, '2021-05-30', 10, '2021-09-27 15:05:42', '2021-09-23 16:16:49'),
(31, 2, '31-2', 2, 2, 1, 1, '13.64', '0.00', 'Quota 4 Abril Proposta Orcamental 2021', '2021-04-01', '2021-04-09', 3, '2021-05-30', 10, '2021-09-27 15:05:42', '2021-09-23 16:16:49'),
(32, 2, '32-2', 2, 2, 1, 1, '1.36', '0.00', 'Fundo de Reserva 4 Abril Proposta Orcamental 2021', '2021-04-01', '2021-04-09', 3, '2021-05-30', 10, '2021-09-27 15:05:42', '2021-09-23 16:16:49'),
(33, 2, '33-2', 2, 2, 1, 1, '13.64', '0.00', 'Quota 5 Maio Proposta Orcamental 2021', '2021-05-01', '2021-05-09', 3, '2021-05-30', 10, '2021-09-27 15:05:42', '2021-09-23 16:16:50'),
(34, 2, '34-2', 2, 2, 1, 1, '1.36', '0.00', 'Fundo de Reserva 5 Maio Proposta Orcamental 2021', '2021-05-01', '2021-05-09', 3, '2021-05-30', 10, '2021-09-27 15:05:43', '2021-09-23 16:16:50'),
(35, 2, '35-2', 2, 2, 1, 1, '13.64', '0.00', 'Quota 6 Junho Proposta Orcamental 2021', '2021-06-01', '2021-06-09', 1, NULL, 11, '2021-10-04 13:41:34', '2021-09-23 16:16:50'),
(36, 2, '36-2', 2, 2, 1, 1, '1.36', '0.00', 'Fundo de Reserva 6 Junho Proposta Orcamental 2021', '2021-06-01', '2021-06-09', 1, NULL, 11, '2021-10-04 13:41:34', '2021-09-23 16:16:50'),
(37, 2, '37-2', 2, 2, 1, 1, '13.64', '0.00', 'Quota 7 Julho Proposta Orcamental 2021', '2021-07-01', '2021-07-09', 1, NULL, 11, '2021-10-04 13:41:34', '2021-09-23 16:16:50'),
(38, 2, '38-2', 2, 2, 1, 1, '1.36', '0.00', 'Fundo de Reserva 7 Julho Proposta Orcamental 2021', '2021-07-01', '2021-07-09', 1, NULL, 11, '2021-10-04 13:41:34', '2021-09-23 16:16:50'),
(39, 2, '39-2', 2, 2, 1, 1, '13.64', '0.00', 'Quota 8 Agosto Proposta Orcamental 2021', '2021-08-01', '2021-08-09', 1, NULL, 11, '2021-10-04 13:41:34', '2021-09-23 16:16:50'),
(40, 2, '40-2', 2, 2, 1, 1, '1.36', '0.00', 'Fundo de Reserva 8 Agosto Proposta Orcamental 2021', '2021-08-01', '2021-08-09', 1, NULL, NULL, '2021-10-04 13:41:21', '2021-09-23 16:16:51'),
(41, 2, '41-2', 2, 2, 1, 1, '13.64', '0.00', 'Quota 9 Setembro Proposta Orcamental 2021', '2021-09-01', '2021-09-09', 1, NULL, NULL, '2021-09-27 15:08:40', '2021-09-23 16:16:51'),
(42, 2, '42-2', 2, 2, 1, 1, '1.36', '0.00', 'Fundo de Reserva 9 Setembro Proposta Orcamental 2021', '2021-09-01', '2021-09-09', 1, NULL, NULL, '2021-09-27 15:08:40', '2021-09-23 16:16:51'),
(43, 2, '43-2', 2, 2, 1, 1, '13.64', '13.64', 'Quota 10 Outubro Proposta Orcamental 2021', '2021-10-01', '2021-10-09', 1, NULL, NULL, '2021-09-23 16:16:51', '2021-09-23 16:16:51'),
(44, 2, '44-2', 2, 2, 1, 1, '1.36', '1.36', 'Fundo de Reserva 10 Outubro Proposta Orcamental 2021', '2021-10-01', '2021-10-09', 1, NULL, NULL, '2021-09-23 16:16:51', '2021-09-23 16:16:51'),
(45, 2, '45-2', 2, 2, 1, 1, '13.64', '13.64', 'Quota 11 Novembro Proposta Orcamental 2021', '2021-11-01', '2021-11-09', 1, NULL, NULL, '2021-09-23 16:16:51', '2021-09-23 16:16:51'),
(46, 2, '46-2', 2, 2, 1, 1, '1.36', '1.36', 'Fundo de Reserva 11 Novembro Proposta Orcamental 2021', '2021-11-01', '2021-11-09', 1, NULL, NULL, '2021-09-23 16:16:51', '2021-09-23 16:16:51'),
(47, 2, '47-2', 2, 2, 1, 1, '13.64', '13.64', 'Quota 12 Dezembro Proposta Orcamental 2021', '2021-12-01', '2021-12-09', 1, NULL, NULL, '2021-09-23 16:16:52', '2021-09-23 16:16:51'),
(48, 2, '48-2', 2, 2, 1, 1, '1.36', '1.36', 'Fundo de Reserva 12 Dezembro Proposta Orcamental 2021', '2021-12-01', '2021-12-09', 1, NULL, NULL, '2021-09-23 16:16:52', '2021-09-23 16:16:52'),
(49, 2, '49-2', 3, 3, 1, 1, '22.73', '0.00', 'Quota 1 Janeiro Proposta Orcamental 2021', '2021-01-01', '2021-01-09', 3, '2021-03-08', 12, '2021-09-27 15:10:27', '2021-09-23 16:16:52'),
(50, 2, '50-2', 3, 3, 1, 1, '2.27', '0.00', 'Fundo de Reserva 1 Janeiro Proposta Orcamental 2021', '2021-01-01', '2021-01-09', 3, '2021-03-08', 12, '2021-09-27 15:10:27', '2021-09-23 16:16:52'),
(51, 2, '51-2', 3, 3, 1, 1, '22.73', '0.00', 'Quota 2 Fevereiro Proposta Orcamental 2021', '2021-02-01', '2021-02-09', 3, '2021-03-08', 12, '2021-09-27 15:10:27', '2021-09-23 16:16:52'),
(52, 2, '52-2', 3, 3, 1, 1, '2.27', '0.00', 'Fundo de Reserva 2 Fevereiro Proposta Orcamental 2021', '2021-02-01', '2021-02-09', 3, '2021-03-08', 12, '2021-09-27 15:10:27', '2021-09-23 16:16:52'),
(53, 2, '53-2', 3, 3, 1, 1, '22.73', '0.00', 'Quota 3 Março Proposta Orcamental 2021', '2021-03-01', '2021-03-09', 3, '2021-03-08', 12, '2021-09-27 15:10:27', '2021-09-23 16:16:52'),
(54, 2, '54-2', 3, 3, 1, 1, '2.27', '0.00', 'Fundo de Reserva 3 Março Proposta Orcamental 2021', '2021-03-01', '2021-03-09', 3, '2021-03-08', 12, '2021-09-27 15:10:27', '2021-09-23 16:16:53'),
(55, 2, '55-2', 3, 3, 1, 1, '22.73', '0.00', 'Quota 4 Abril Proposta Orcamental 2021', '2021-04-01', '2021-04-09', 3, '2021-09-08', 13, '2021-09-27 15:12:35', '2021-09-23 16:16:53'),
(56, 2, '56-2', 3, 3, 1, 1, '2.27', '0.00', 'Fundo de Reserva 4 Abril Proposta Orcamental 2021', '2021-04-01', '2021-04-09', 3, '2021-09-08', 13, '2021-09-27 15:12:35', '2021-09-23 16:16:53'),
(57, 2, '57-2', 3, 3, 1, 1, '22.73', '0.00', 'Quota 5 Maio Proposta Orcamental 2021', '2021-05-01', '2021-05-09', 3, '2021-09-08', 13, '2021-09-27 15:12:35', '2021-09-23 16:16:53'),
(58, 2, '58-2', 3, 3, 1, 1, '2.27', '0.00', 'Fundo de Reserva 5 Maio Proposta Orcamental 2021', '2021-05-01', '2021-05-09', 3, '2021-09-08', 13, '2021-09-27 15:12:35', '2021-09-23 16:16:53'),
(59, 2, '59-2', 3, 3, 1, 1, '22.73', '0.00', 'Quota 6 Junho Proposta Orcamental 2021', '2021-06-01', '2021-06-09', 3, '2021-09-08', 13, '2021-09-27 15:12:35', '2021-09-23 16:16:53'),
(60, 2, '60-2', 3, 3, 1, 1, '2.27', '0.00', 'Fundo de Reserva 6 Junho Proposta Orcamental 2021', '2021-06-01', '2021-06-09', 3, '2021-09-08', 13, '2021-09-27 15:12:35', '2021-09-23 16:16:53'),
(61, 2, '61-2', 3, 3, 1, 1, '22.73', '0.00', 'Quota 7 Julho Proposta Orcamental 2021', '2021-07-01', '2021-07-09', 3, '2021-09-08', 13, '2021-09-27 15:12:35', '2021-09-23 16:16:53'),
(62, 2, '62-2', 3, 3, 1, 1, '2.27', '0.00', 'Fundo de Reserva 7 Julho Proposta Orcamental 2021', '2021-07-01', '2021-07-09', 3, '2021-09-08', 13, '2021-09-27 15:12:36', '2021-09-23 16:16:54'),
(63, 2, '63-2', 3, 3, 1, 1, '22.73', '0.00', 'Quota 8 Agosto Proposta Orcamental 2021', '2021-08-01', '2021-08-09', 3, '2021-09-08', 13, '2021-09-27 15:12:36', '2021-09-23 16:16:54'),
(64, 2, '64-2', 3, 3, 1, 1, '2.27', '0.00', 'Fundo de Reserva 8 Agosto Proposta Orcamental 2021', '2021-08-01', '2021-08-09', 3, '2021-09-08', 13, '2021-09-27 15:12:36', '2021-09-23 16:16:54'),
(65, 2, '65-2', 3, 3, 1, 1, '22.73', '0.00', 'Quota 9 Setembro Proposta Orcamental 2021', '2021-09-01', '2021-09-09', 3, '2021-09-08', 13, '2021-09-27 15:12:36', '2021-09-23 16:16:54'),
(66, 2, '66-2', 3, 3, 1, 1, '2.27', '0.00', 'Fundo de Reserva 9 Setembro Proposta Orcamental 2021', '2021-09-01', '2021-09-09', 3, '2021-09-08', 13, '2021-09-27 15:12:36', '2021-09-23 16:16:54'),
(67, 2, '67-2', 3, 3, 1, 1, '22.73', '22.73', 'Quota 10 Outubro Proposta Orcamental 2021', '2021-10-01', '2021-10-09', 1, NULL, NULL, '2021-09-23 16:16:54', '2021-09-23 16:16:54'),
(68, 2, '68-2', 3, 3, 1, 1, '2.27', '2.27', 'Fundo de Reserva 10 Outubro Proposta Orcamental 2021', '2021-10-01', '2021-10-09', 1, NULL, NULL, '2021-09-23 16:16:54', '2021-09-23 16:16:54'),
(69, 2, '69-2', 3, 3, 1, 1, '22.73', '22.73', 'Quota 11 Novembro Proposta Orcamental 2021', '2021-11-01', '2021-11-09', 1, NULL, NULL, '2021-09-23 16:16:54', '2021-09-23 16:16:54'),
(70, 2, '70-2', 3, 3, 1, 1, '2.27', '2.27', 'Fundo de Reserva 11 Novembro Proposta Orcamental 2021', '2021-11-01', '2021-11-09', 1, NULL, NULL, '2021-09-23 16:16:55', '2021-09-23 16:16:55'),
(71, 2, '71-2', 3, 3, 1, 1, '22.73', '22.73', 'Quota 12 Dezembro Proposta Orcamental 2021', '2021-12-01', '2021-12-09', 1, NULL, NULL, '2021-09-23 16:16:55', '2021-09-23 16:16:55'),
(72, 2, '72-2', 3, 3, 1, 1, '2.27', '2.27', 'Fundo de Reserva 12 Dezembro Proposta Orcamental 2021', '2021-12-01', '2021-12-09', 1, NULL, NULL, '2021-09-23 16:16:55', '2021-09-23 16:16:55'),
(73, 2, '73-2', 4, 4, 1, 1, '22.73', '0.00', 'Quota 1 Janeiro Proposta Orcamental 2021', '2021-01-01', '2021-01-09', 3, '2021-01-08', 14, '2021-09-27 15:15:57', '2021-09-23 16:16:55'),
(74, 2, '74-2', 4, 4, 1, 1, '2.27', '0.00', 'Fundo de Reserva 1 Janeiro Proposta Orcamental 2021', '2021-01-01', '2021-01-09', 3, '2021-01-08', 14, '2021-09-27 15:15:57', '2021-09-23 16:16:55'),
(75, 2, '75-2', 4, 4, 1, 1, '22.73', '0.00', 'Quota 2 Fevereiro Proposta Orcamental 2021', '2021-02-01', '2021-02-09', 3, '2021-02-08', 15, '2021-09-27 15:17:05', '2021-09-23 16:16:55'),
(76, 2, '76-2', 4, 4, 1, 1, '2.27', '0.00', 'Fundo de Reserva 2 Fevereiro Proposta Orcamental 2021', '2021-02-01', '2021-02-09', 3, '2021-02-08', 15, '2021-09-27 15:17:05', '2021-09-23 16:16:56'),
(77, 2, '77-2', 4, 4, 1, 1, '22.73', '0.00', 'Quota 3 Março Proposta Orcamental 2021', '2021-03-01', '2021-03-09', 3, '2021-03-08', 16, '2021-09-27 15:18:55', '2021-09-23 16:16:56'),
(78, 2, '78-2', 4, 4, 1, 1, '2.27', '0.00', 'Fundo de Reserva 3 Março Proposta Orcamental 2021', '2021-03-01', '2021-03-09', 3, '2021-03-08', 16, '2021-09-27 15:18:55', '2021-09-23 16:16:56'),
(79, 2, '79-2', 4, 4, 1, 1, '22.73', '0.00', 'Quota 4 Abril Proposta Orcamental 2021', '2021-04-01', '2021-04-09', 3, '2021-09-08', 17, '2021-09-27 15:20:08', '2021-09-23 16:16:56'),
(80, 2, '80-2', 4, 4, 1, 1, '2.27', '0.00', 'Fundo de Reserva 4 Abril Proposta Orcamental 2021', '2021-04-01', '2021-04-09', 3, '2021-09-08', 17, '2021-09-27 15:20:08', '2021-09-23 16:16:56'),
(81, 2, '81-2', 4, 4, 1, 1, '22.73', '0.00', 'Quota 5 Maio Proposta Orcamental 2021', '2021-05-01', '2021-05-09', 3, '2021-09-08', 17, '2021-09-27 15:20:09', '2021-09-23 16:16:57'),
(82, 2, '82-2', 4, 4, 1, 1, '2.27', '0.00', 'Fundo de Reserva 5 Maio Proposta Orcamental 2021', '2021-05-01', '2021-05-09', 3, '2021-09-08', 17, '2021-09-27 15:20:09', '2021-09-23 16:16:57'),
(83, 2, '83-2', 4, 4, 1, 1, '22.73', '0.00', 'Quota 6 Junho Proposta Orcamental 2021', '2021-06-01', '2021-06-09', 3, '2021-09-08', 17, '2021-09-27 15:20:09', '2021-09-23 16:16:57'),
(84, 2, '84-2', 4, 4, 1, 1, '2.27', '0.00', 'Fundo de Reserva 6 Junho Proposta Orcamental 2021', '2021-06-01', '2021-06-09', 3, '2021-09-08', 17, '2021-09-27 15:20:09', '2021-09-23 16:16:57'),
(85, 2, '85-2', 4, 4, 1, 1, '22.73', '0.00', 'Quota 7 Julho Proposta Orcamental 2021', '2021-07-01', '2021-07-09', 3, '2021-09-08', 17, '2021-09-27 15:20:09', '2021-09-23 16:16:57'),
(86, 2, '86-2', 4, 4, 1, 1, '2.27', '0.00', 'Fundo de Reserva 7 Julho Proposta Orcamental 2021', '2021-07-01', '2021-07-09', 3, '2021-09-08', 17, '2021-09-27 15:20:09', '2021-09-23 16:16:57'),
(87, 2, '87-2', 4, 4, 1, 1, '22.73', '0.00', 'Quota 8 Agosto Proposta Orcamental 2021', '2021-08-01', '2021-08-09', 3, '2021-09-08', 17, '2021-09-27 15:20:09', '2021-09-23 16:16:57'),
(88, 2, '88-2', 4, 4, 1, 1, '2.27', '0.00', 'Fundo de Reserva 8 Agosto Proposta Orcamental 2021', '2021-08-01', '2021-08-09', 3, '2021-09-08', 17, '2021-09-27 15:20:10', '2021-09-23 16:16:57'),
(89, 2, '89-2', 4, 4, 1, 1, '22.73', '0.00', 'Quota 9 Setembro Proposta Orcamental 2021', '2021-09-01', '2021-09-09', 3, '2021-09-08', 17, '2021-09-27 15:20:10', '2021-09-23 16:16:57'),
(90, 2, '90-2', 4, 4, 1, 1, '2.27', '0.00', 'Fundo de Reserva 9 Setembro Proposta Orcamental 2021', '2021-09-01', '2021-09-09', 3, '2021-09-08', 17, '2021-09-27 15:20:10', '2021-09-23 16:16:58'),
(91, 2, '91-2', 4, 4, 1, 1, '22.73', '22.73', 'Quota 10 Outubro Proposta Orcamental 2021', '2021-10-01', '2021-10-09', 1, NULL, NULL, '2021-09-23 16:16:58', '2021-09-23 16:16:58'),
(92, 2, '92-2', 4, 4, 1, 1, '2.27', '2.27', 'Fundo de Reserva 10 Outubro Proposta Orcamental 2021', '2021-10-01', '2021-10-09', 1, NULL, NULL, '2021-09-23 16:16:58', '2021-09-23 16:16:58'),
(93, 2, '93-2', 4, 4, 1, 1, '22.73', '22.73', 'Quota 11 Novembro Proposta Orcamental 2021', '2021-11-01', '2021-11-09', 1, NULL, NULL, '2021-09-23 16:16:58', '2021-09-23 16:16:58'),
(94, 2, '94-2', 4, 4, 1, 1, '2.27', '2.27', 'Fundo de Reserva 11 Novembro Proposta Orcamental 2021', '2021-11-01', '2021-11-09', 1, NULL, NULL, '2021-09-23 16:16:58', '2021-09-23 16:16:58'),
(95, 2, '95-2', 4, 4, 1, 1, '22.73', '22.73', 'Quota 12 Dezembro Proposta Orcamental 2021', '2021-12-01', '2021-12-09', 1, NULL, NULL, '2021-09-23 16:16:58', '2021-09-23 16:16:58'),
(96, 2, '96-2', 4, 4, 1, 1, '2.27', '2.27', 'Fundo de Reserva 12 Dezembro Proposta Orcamental 2021', '2021-12-01', '2021-12-09', 1, NULL, NULL, '2021-09-23 16:16:58', '2021-09-23 16:16:58'),
(97, 2, '97-2', 5, 5, 1, 1, '22.73', '22.73', 'Quota 1 Janeiro Proposta Orcamental 2021', '2021-01-01', '2021-01-09', 1, NULL, NULL, '2021-09-23 16:16:58', '2021-09-23 16:16:58'),
(98, 2, '98-2', 5, 5, 1, 1, '2.27', '2.27', 'Fundo de Reserva 1 Janeiro Proposta Orcamental 2021', '2021-01-01', '2021-01-09', 1, NULL, NULL, '2021-09-23 16:16:59', '2021-09-23 16:16:58'),
(99, 2, '99-2', 5, 5, 1, 1, '22.73', '22.73', 'Quota 2 Fevereiro Proposta Orcamental 2021', '2021-02-01', '2021-02-09', 1, NULL, NULL, '2021-09-23 16:16:59', '2021-09-23 16:16:59'),
(100, 2, '100-2', 5, 5, 1, 1, '2.27', '2.27', 'Fundo de Reserva 2 Fevereiro Proposta Orcamental 2021', '2021-02-01', '2021-02-09', 1, NULL, NULL, '2021-09-23 16:16:59', '2021-09-23 16:16:59'),
(101, 2, '101-2', 5, 5, 1, 1, '22.73', '22.73', 'Quota 3 Março Proposta Orcamental 2021', '2021-03-01', '2021-03-09', 1, NULL, NULL, '2021-09-23 16:16:59', '2021-09-23 16:16:59'),
(102, 2, '102-2', 5, 5, 1, 1, '2.27', '2.27', 'Fundo de Reserva 3 Março Proposta Orcamental 2021', '2021-03-01', '2021-03-09', 1, NULL, NULL, '2021-09-23 16:16:59', '2021-09-23 16:16:59'),
(103, 2, '103-2', 5, 5, 1, 1, '22.73', '22.73', 'Quota 4 Abril Proposta Orcamental 2021', '2021-04-01', '2021-04-09', 1, NULL, NULL, '2021-09-23 16:16:59', '2021-09-23 16:16:59'),
(104, 2, '104-2', 5, 5, 1, 1, '2.27', '2.27', 'Fundo de Reserva 4 Abril Proposta Orcamental 2021', '2021-04-01', '2021-04-09', 1, NULL, NULL, '2021-09-23 16:16:59', '2021-09-23 16:16:59'),
(105, 2, '105-2', 5, 5, 1, 1, '22.73', '22.73', 'Quota 5 Maio Proposta Orcamental 2021', '2021-05-01', '2021-05-09', 1, NULL, NULL, '2021-09-23 16:16:59', '2021-09-23 16:16:59'),
(106, 2, '106-2', 5, 5, 1, 1, '2.27', '2.27', 'Fundo de Reserva 5 Maio Proposta Orcamental 2021', '2021-05-01', '2021-05-09', 1, NULL, NULL, '2021-09-23 16:17:00', '2021-09-23 16:16:59'),
(107, 2, '107-2', 5, 5, 1, 1, '22.73', '22.73', 'Quota 6 Junho Proposta Orcamental 2021', '2021-06-01', '2021-06-09', 1, NULL, NULL, '2021-09-23 16:17:00', '2021-09-23 16:17:00'),
(108, 2, '108-2', 5, 5, 1, 1, '2.27', '2.27', 'Fundo de Reserva 6 Junho Proposta Orcamental 2021', '2021-06-01', '2021-06-09', 1, NULL, NULL, '2021-09-23 16:17:00', '2021-09-23 16:17:00'),
(109, 2, '109-2', 5, 5, 1, 1, '22.73', '22.73', 'Quota 7 Julho Proposta Orcamental 2021', '2021-07-01', '2021-07-09', 1, NULL, NULL, '2021-09-23 16:17:00', '2021-09-23 16:17:00'),
(110, 2, '110-2', 5, 5, 1, 1, '2.27', '2.27', 'Fundo de Reserva 7 Julho Proposta Orcamental 2021', '2021-07-01', '2021-07-09', 1, NULL, NULL, '2021-09-23 16:17:00', '2021-09-23 16:17:00'),
(111, 2, '111-2', 5, 5, 1, 1, '22.73', '22.73', 'Quota 8 Agosto Proposta Orcamental 2021', '2021-08-01', '2021-08-09', 1, NULL, NULL, '2021-09-23 16:17:00', '2021-09-23 16:17:00'),
(112, 2, '112-2', 5, 5, 1, 1, '2.27', '2.27', 'Fundo de Reserva 8 Agosto Proposta Orcamental 2021', '2021-08-01', '2021-08-09', 1, NULL, NULL, '2021-09-23 16:17:00', '2021-09-23 16:17:00'),
(113, 2, '113-2', 5, 5, 1, 1, '22.73', '22.73', 'Quota 9 Setembro Proposta Orcamental 2021', '2021-09-01', '2021-09-09', 1, NULL, NULL, '2021-09-23 16:17:00', '2021-09-23 16:17:00'),
(114, 2, '114-2', 5, 5, 1, 1, '2.27', '2.27', 'Fundo de Reserva 9 Setembro Proposta Orcamental 2021', '2021-09-01', '2021-09-09', 1, NULL, NULL, '2021-09-23 16:17:01', '2021-09-23 16:17:00'),
(115, 2, '115-2', 5, 5, 1, 1, '22.73', '22.73', 'Quota 10 Outubro Proposta Orcamental 2021', '2021-10-01', '2021-10-09', 1, NULL, NULL, '2021-09-23 16:17:01', '2021-09-23 16:17:01'),
(116, 2, '116-2', 5, 5, 1, 1, '2.27', '2.27', 'Fundo de Reserva 10 Outubro Proposta Orcamental 2021', '2021-10-01', '2021-10-09', 1, NULL, NULL, '2021-09-23 16:17:01', '2021-09-23 16:17:01'),
(117, 2, '117-2', 5, 5, 1, 1, '22.73', '22.73', 'Quota 11 Novembro Proposta Orcamental 2021', '2021-11-01', '2021-11-09', 1, NULL, NULL, '2021-09-23 16:17:01', '2021-09-23 16:17:01'),
(118, 2, '118-2', 5, 5, 1, 1, '2.27', '2.27', 'Fundo de Reserva 11 Novembro Proposta Orcamental 2021', '2021-11-01', '2021-11-09', 1, NULL, NULL, '2021-09-23 16:17:01', '2021-09-23 16:17:01'),
(119, 2, '119-2', 5, 5, 1, 1, '22.73', '22.73', 'Quota 12 Dezembro Proposta Orcamental 2021', '2021-12-01', '2021-12-09', 1, NULL, NULL, '2021-09-23 16:17:01', '2021-09-23 16:17:01'),
(120, 2, '120-2', 5, 5, 1, 1, '2.27', '2.27', 'Fundo de Reserva 12 Dezembro Proposta Orcamental 2021', '2021-12-01', '2021-12-09', 1, NULL, NULL, '2021-09-23 16:17:01', '2021-09-23 16:17:01'),
(121, 2, '121-2', 6, 6, 1, 1, '22.73', '22.73', 'Quota 1 Janeiro Proposta Orcamental 2021', '2021-01-01', '2021-01-09', 1, NULL, NULL, '2021-09-23 16:17:01', '2021-09-23 16:17:01'),
(122, 2, '122-2', 6, 6, 1, 1, '2.27', '2.27', 'Fundo de Reserva 1 Janeiro Proposta Orcamental 2021', '2021-01-01', '2021-01-09', 1, NULL, NULL, '2021-09-23 16:17:02', '2021-09-23 16:17:02'),
(123, 2, '123-2', 6, 6, 1, 1, '22.73', '22.73', 'Quota 2 Fevereiro Proposta Orcamental 2021', '2021-02-01', '2021-02-09', 1, NULL, NULL, '2021-09-23 16:17:02', '2021-09-23 16:17:02'),
(124, 2, '124-2', 6, 6, 1, 1, '2.27', '2.27', 'Fundo de Reserva 2 Fevereiro Proposta Orcamental 2021', '2021-02-01', '2021-02-09', 1, NULL, NULL, '2021-09-23 16:17:02', '2021-09-23 16:17:02'),
(125, 2, '125-2', 6, 6, 1, 1, '22.73', '22.73', 'Quota 3 Março Proposta Orcamental 2021', '2021-03-01', '2021-03-09', 1, NULL, NULL, '2021-09-23 16:17:02', '2021-09-23 16:17:02'),
(126, 2, '126-2', 6, 6, 1, 1, '2.27', '2.27', 'Fundo de Reserva 3 Março Proposta Orcamental 2021', '2021-03-01', '2021-03-09', 1, NULL, NULL, '2021-09-23 16:17:02', '2021-09-23 16:17:02'),
(127, 2, '127-2', 6, 6, 1, 1, '22.73', '22.73', 'Quota 4 Abril Proposta Orcamental 2021', '2021-04-01', '2021-04-09', 1, NULL, NULL, '2021-09-23 16:17:02', '2021-09-23 16:17:02'),
(128, 2, '128-2', 6, 6, 1, 1, '2.27', '2.27', 'Fundo de Reserva 4 Abril Proposta Orcamental 2021', '2021-04-01', '2021-04-09', 1, NULL, NULL, '2021-09-23 16:17:02', '2021-09-23 16:17:02'),
(129, 2, '129-2', 6, 6, 1, 1, '22.73', '22.73', 'Quota 5 Maio Proposta Orcamental 2021', '2021-05-01', '2021-05-09', 1, NULL, NULL, '2021-09-23 16:17:02', '2021-09-23 16:17:02'),
(130, 2, '130-2', 6, 6, 1, 1, '2.27', '2.27', 'Fundo de Reserva 5 Maio Proposta Orcamental 2021', '2021-05-01', '2021-05-09', 1, NULL, NULL, '2021-09-23 16:17:03', '2021-09-23 16:17:02'),
(131, 2, '131-2', 6, 6, 1, 1, '22.73', '22.73', 'Quota 6 Junho Proposta Orcamental 2021', '2021-06-01', '2021-06-09', 1, NULL, NULL, '2021-09-23 16:17:03', '2021-09-23 16:17:03'),
(132, 2, '132-2', 6, 6, 1, 1, '2.27', '2.27', 'Fundo de Reserva 6 Junho Proposta Orcamental 2021', '2021-06-01', '2021-06-09', 1, NULL, NULL, '2021-09-23 16:17:03', '2021-09-23 16:17:03'),
(133, 2, '133-2', 6, 6, 1, 1, '22.73', '22.73', 'Quota 7 Julho Proposta Orcamental 2021', '2021-07-01', '2021-07-09', 1, NULL, NULL, '2021-09-23 16:17:03', '2021-09-23 16:17:03'),
(134, 2, '134-2', 6, 6, 1, 1, '2.27', '2.27', 'Fundo de Reserva 7 Julho Proposta Orcamental 2021', '2021-07-01', '2021-07-09', 1, NULL, NULL, '2021-09-23 16:17:03', '2021-09-23 16:17:03'),
(135, 2, '135-2', 6, 6, 1, 1, '22.73', '22.73', 'Quota 8 Agosto Proposta Orcamental 2021', '2021-08-01', '2021-08-09', 1, NULL, NULL, '2021-09-23 16:17:03', '2021-09-23 16:17:03'),
(136, 2, '136-2', 6, 6, 1, 1, '2.27', '2.27', 'Fundo de Reserva 8 Agosto Proposta Orcamental 2021', '2021-08-01', '2021-08-09', 1, NULL, NULL, '2021-09-23 16:17:03', '2021-09-23 16:17:03'),
(137, 2, '137-2', 6, 6, 1, 1, '22.73', '22.73', 'Quota 9 Setembro Proposta Orcamental 2021', '2021-09-01', '2021-09-09', 1, NULL, NULL, '2021-09-23 16:17:04', '2021-09-23 16:17:04'),
(138, 2, '138-2', 6, 6, 1, 1, '2.27', '2.27', 'Fundo de Reserva 9 Setembro Proposta Orcamental 2021', '2021-09-01', '2021-09-09', 1, NULL, NULL, '2021-09-23 16:17:04', '2021-09-23 16:17:04'),
(139, 2, '139-2', 6, 6, 1, 1, '22.73', '22.73', 'Quota 10 Outubro Proposta Orcamental 2021', '2021-10-01', '2021-10-09', 1, NULL, NULL, '2021-09-23 16:17:04', '2021-09-23 16:17:04'),
(140, 2, '140-2', 6, 6, 1, 1, '2.27', '2.27', 'Fundo de Reserva 10 Outubro Proposta Orcamental 2021', '2021-10-01', '2021-10-09', 1, NULL, NULL, '2021-09-23 16:17:04', '2021-09-23 16:17:04'),
(141, 2, '141-2', 6, 6, 1, 1, '22.73', '22.73', 'Quota 11 Novembro Proposta Orcamental 2021', '2021-11-01', '2021-11-09', 1, NULL, NULL, '2021-09-23 16:17:04', '2021-09-23 16:17:04'),
(142, 2, '142-2', 6, 6, 1, 1, '2.27', '2.27', 'Fundo de Reserva 11 Novembro Proposta Orcamental 2021', '2021-11-01', '2021-11-09', 1, NULL, NULL, '2021-09-23 16:17:04', '2021-09-23 16:17:04'),
(143, 2, '143-2', 6, 6, 1, 1, '22.73', '22.73', 'Quota 12 Dezembro Proposta Orcamental 2021', '2021-12-01', '2021-12-09', 1, NULL, NULL, '2021-09-23 16:17:05', '2021-09-23 16:17:04'),
(144, 2, '144-2', 6, 6, 1, 1, '2.27', '2.27', 'Fundo de Reserva 12 Dezembro Proposta Orcamental 2021', '2021-12-01', '2021-12-09', 1, NULL, NULL, '2021-09-23 16:17:05', '2021-09-23 16:17:05'),
(145, 2, '145-2', 7, 7, 1, 1, '22.73', '22.73', 'Quota 1 Janeiro Proposta Orcamental 2021', '2021-01-01', '2021-01-09', 1, NULL, NULL, '2021-09-23 16:17:05', '2021-09-23 16:17:05'),
(146, 2, '146-2', 7, 7, 1, 1, '2.27', '2.27', 'Fundo de Reserva 1 Janeiro Proposta Orcamental 2021', '2021-01-01', '2021-01-09', 1, NULL, NULL, '2021-09-23 16:17:05', '2021-09-23 16:17:05'),
(147, 2, '147-2', 7, 7, 1, 1, '22.73', '22.73', 'Quota 2 Fevereiro Proposta Orcamental 2021', '2021-02-01', '2021-02-09', 1, NULL, NULL, '2021-09-23 16:17:05', '2021-09-23 16:17:05'),
(148, 2, '148-2', 7, 7, 1, 1, '2.27', '2.27', 'Fundo de Reserva 2 Fevereiro Proposta Orcamental 2021', '2021-02-01', '2021-02-09', 1, NULL, NULL, '2021-09-23 16:17:05', '2021-09-23 16:17:05'),
(149, 2, '149-2', 7, 7, 1, 1, '22.73', '22.73', 'Quota 3 Março Proposta Orcamental 2021', '2021-03-01', '2021-03-09', 1, NULL, NULL, '2021-09-23 16:17:05', '2021-09-23 16:17:05'),
(150, 2, '150-2', 7, 7, 1, 1, '2.27', '2.27', 'Fundo de Reserva 3 Março Proposta Orcamental 2021', '2021-03-01', '2021-03-09', 1, NULL, NULL, '2021-09-23 16:17:05', '2021-09-23 16:17:05'),
(151, 2, '151-2', 7, 7, 1, 1, '22.73', '22.73', 'Quota 4 Abril Proposta Orcamental 2021', '2021-04-01', '2021-04-09', 1, NULL, NULL, '2021-09-23 16:17:05', '2021-09-23 16:17:05'),
(152, 2, '152-2', 7, 7, 1, 1, '2.27', '2.27', 'Fundo de Reserva 4 Abril Proposta Orcamental 2021', '2021-04-01', '2021-04-09', 1, NULL, NULL, '2021-09-23 16:17:05', '2021-09-23 16:17:05'),
(153, 2, '153-2', 7, 7, 1, 1, '22.73', '22.73', 'Quota 5 Maio Proposta Orcamental 2021', '2021-05-01', '2021-05-09', 1, NULL, NULL, '2021-09-23 16:17:06', '2021-09-23 16:17:05'),
(154, 2, '154-2', 7, 7, 1, 1, '2.27', '2.27', 'Fundo de Reserva 5 Maio Proposta Orcamental 2021', '2021-05-01', '2021-05-09', 1, NULL, NULL, '2021-09-23 16:17:06', '2021-09-23 16:17:06'),
(155, 2, '155-2', 7, 7, 1, 1, '22.73', '22.73', 'Quota 6 Junho Proposta Orcamental 2021', '2021-06-01', '2021-06-09', 1, NULL, NULL, '2021-09-23 16:17:06', '2021-09-23 16:17:06'),
(156, 2, '156-2', 7, 7, 1, 1, '2.27', '2.27', 'Fundo de Reserva 6 Junho Proposta Orcamental 2021', '2021-06-01', '2021-06-09', 1, NULL, NULL, '2021-09-23 16:17:06', '2021-09-23 16:17:06'),
(157, 2, '157-2', 7, 7, 1, 1, '22.73', '22.73', 'Quota 7 Julho Proposta Orcamental 2021', '2021-07-01', '2021-07-09', 1, NULL, NULL, '2021-09-23 16:17:06', '2021-09-23 16:17:06'),
(158, 2, '158-2', 7, 7, 1, 1, '2.27', '2.27', 'Fundo de Reserva 7 Julho Proposta Orcamental 2021', '2021-07-01', '2021-07-09', 1, NULL, NULL, '2021-09-23 16:17:06', '2021-09-23 16:17:06'),
(159, 2, '159-2', 7, 7, 1, 1, '22.73', '22.73', 'Quota 8 Agosto Proposta Orcamental 2021', '2021-08-01', '2021-08-09', 1, NULL, NULL, '2021-09-23 16:17:06', '2021-09-23 16:17:06'),
(160, 2, '160-2', 7, 7, 1, 1, '2.27', '2.27', 'Fundo de Reserva 8 Agosto Proposta Orcamental 2021', '2021-08-01', '2021-08-09', 1, NULL, NULL, '2021-09-23 16:17:06', '2021-09-23 16:17:06'),
(161, 2, '161-2', 7, 7, 1, 1, '22.73', '22.73', 'Quota 9 Setembro Proposta Orcamental 2021', '2021-09-01', '2021-09-09', 1, NULL, NULL, '2021-09-23 16:17:06', '2021-09-23 16:17:06'),
(162, 2, '162-2', 7, 7, 1, 1, '2.27', '2.27', 'Fundo de Reserva 9 Setembro Proposta Orcamental 2021', '2021-09-01', '2021-09-09', 1, NULL, NULL, '2021-09-23 16:17:07', '2021-09-23 16:17:06'),
(163, 2, '163-2', 7, 7, 1, 1, '22.73', '22.73', 'Quota 10 Outubro Proposta Orcamental 2021', '2021-10-01', '2021-10-09', 1, NULL, NULL, '2021-09-23 16:17:08', '2021-09-23 16:17:08'),
(164, 2, '164-2', 7, 7, 1, 1, '2.27', '2.27', 'Fundo de Reserva 10 Outubro Proposta Orcamental 2021', '2021-10-01', '2021-10-09', 1, NULL, NULL, '2021-09-23 16:17:08', '2021-09-23 16:17:08'),
(165, 2, '165-2', 7, 7, 1, 1, '22.73', '22.73', 'Quota 11 Novembro Proposta Orcamental 2021', '2021-11-01', '2021-11-09', 1, NULL, NULL, '2021-09-23 16:17:08', '2021-09-23 16:17:08'),
(166, 2, '166-2', 7, 7, 1, 1, '2.27', '2.27', 'Fundo de Reserva 11 Novembro Proposta Orcamental 2021', '2021-11-01', '2021-11-09', 1, NULL, NULL, '2021-09-23 16:17:08', '2021-09-23 16:17:08'),
(167, 2, '167-2', 7, 7, 1, 1, '22.73', '22.73', 'Quota 12 Dezembro Proposta Orcamental 2021', '2021-12-01', '2021-12-09', 1, NULL, NULL, '2021-09-23 16:17:08', '2021-09-23 16:17:08'),
(168, 2, '168-2', 7, 7, 1, 1, '2.27', '2.27', 'Fundo de Reserva 12 Dezembro Proposta Orcamental 2021', '2021-12-01', '2021-12-09', 1, NULL, NULL, '2021-09-23 16:17:08', '2021-09-23 16:17:08'),
(169, 2, '169-2', 8, 8, 1, 1, '22.73', '22.73', 'Quota 1 Janeiro Proposta Orcamental 2021', '2021-01-01', '2021-01-09', 1, NULL, NULL, '2021-09-23 16:17:09', '2021-09-23 16:17:09'),
(170, 2, '170-2', 8, 8, 1, 1, '2.27', '2.27', 'Fundo de Reserva 1 Janeiro Proposta Orcamental 2021', '2021-01-01', '2021-01-09', 1, NULL, NULL, '2021-09-23 16:17:09', '2021-09-23 16:17:09'),
(171, 2, '171-2', 8, 8, 1, 1, '22.73', '22.73', 'Quota 2 Fevereiro Proposta Orcamental 2021', '2021-02-01', '2021-02-09', 1, NULL, NULL, '2021-09-23 16:17:09', '2021-09-23 16:17:09'),
(172, 2, '172-2', 8, 8, 1, 1, '2.27', '2.27', 'Fundo de Reserva 2 Fevereiro Proposta Orcamental 2021', '2021-02-01', '2021-02-09', 1, NULL, NULL, '2021-09-23 16:17:09', '2021-09-23 16:17:09'),
(173, 2, '173-2', 8, 8, 1, 1, '22.73', '22.73', 'Quota 3 Março Proposta Orcamental 2021', '2021-03-01', '2021-03-09', 1, NULL, NULL, '2021-09-23 16:17:09', '2021-09-23 16:17:09'),
(174, 2, '174-2', 8, 8, 1, 1, '2.27', '2.27', 'Fundo de Reserva 3 Março Proposta Orcamental 2021', '2021-03-01', '2021-03-09', 1, NULL, NULL, '2021-09-23 16:17:09', '2021-09-23 16:17:09'),
(175, 2, '175-2', 8, 8, 1, 1, '22.73', '22.73', 'Quota 4 Abril Proposta Orcamental 2021', '2021-04-01', '2021-04-09', 1, NULL, NULL, '2021-09-23 16:17:09', '2021-09-23 16:17:09'),
(176, 2, '176-2', 8, 8, 1, 1, '2.27', '2.27', 'Fundo de Reserva 4 Abril Proposta Orcamental 2021', '2021-04-01', '2021-04-09', 1, NULL, NULL, '2021-09-23 16:17:10', '2021-09-23 16:17:10'),
(177, 2, '177-2', 8, 8, 1, 1, '22.73', '22.73', 'Quota 5 Maio Proposta Orcamental 2021', '2021-05-01', '2021-05-09', 1, NULL, NULL, '2021-09-23 16:17:10', '2021-09-23 16:17:10'),
(178, 2, '178-2', 8, 8, 1, 1, '2.27', '2.27', 'Fundo de Reserva 5 Maio Proposta Orcamental 2021', '2021-05-01', '2021-05-09', 1, NULL, NULL, '2021-09-23 16:17:10', '2021-09-23 16:17:10'),
(179, 2, '179-2', 8, 8, 1, 1, '22.73', '22.73', 'Quota 6 Junho Proposta Orcamental 2021', '2021-06-01', '2021-06-09', 1, NULL, NULL, '2021-09-23 16:17:10', '2021-09-23 16:17:10'),
(180, 2, '180-2', 8, 8, 1, 1, '2.27', '2.27', 'Fundo de Reserva 6 Junho Proposta Orcamental 2021', '2021-06-01', '2021-06-09', 1, NULL, NULL, '2021-09-23 16:17:10', '2021-09-23 16:17:10'),
(181, 2, '181-2', 8, 8, 1, 1, '22.73', '22.73', 'Quota 7 Julho Proposta Orcamental 2021', '2021-07-01', '2021-07-09', 1, NULL, NULL, '2021-09-23 16:17:10', '2021-09-23 16:17:10'),
(182, 2, '182-2', 8, 8, 1, 1, '2.27', '2.27', 'Fundo de Reserva 7 Julho Proposta Orcamental 2021', '2021-07-01', '2021-07-09', 1, NULL, NULL, '2021-09-23 16:17:10', '2021-09-23 16:17:10'),
(183, 2, '183-2', 8, 8, 1, 1, '22.73', '22.73', 'Quota 8 Agosto Proposta Orcamental 2021', '2021-08-01', '2021-08-09', 1, NULL, NULL, '2021-09-23 16:17:10', '2021-09-23 16:17:10'),
(184, 2, '184-2', 8, 8, 1, 1, '2.27', '2.27', 'Fundo de Reserva 8 Agosto Proposta Orcamental 2021', '2021-08-01', '2021-08-09', 1, NULL, NULL, '2021-09-23 16:17:11', '2021-09-23 16:17:11'),
(185, 2, '185-2', 8, 8, 1, 1, '22.73', '22.73', 'Quota 9 Setembro Proposta Orcamental 2021', '2021-09-01', '2021-09-09', 1, NULL, NULL, '2021-09-23 16:17:11', '2021-09-23 16:17:11'),
(186, 2, '186-2', 8, 8, 1, 1, '2.27', '2.27', 'Fundo de Reserva 9 Setembro Proposta Orcamental 2021', '2021-09-01', '2021-09-09', 1, NULL, NULL, '2021-09-23 16:17:11', '2021-09-23 16:17:11'),
(187, 2, '187-2', 8, 8, 1, 1, '22.73', '22.73', 'Quota 10 Outubro Proposta Orcamental 2021', '2021-10-01', '2021-10-09', 1, NULL, NULL, '2021-09-23 16:17:11', '2021-09-23 16:17:11'),
(188, 2, '188-2', 8, 8, 1, 1, '2.27', '2.27', 'Fundo de Reserva 10 Outubro Proposta Orcamental 2021', '2021-10-01', '2021-10-09', 1, NULL, NULL, '2021-09-23 16:17:11', '2021-09-23 16:17:11'),
(189, 2, '189-2', 8, 8, 1, 1, '22.73', '22.73', 'Quota 11 Novembro Proposta Orcamental 2021', '2021-11-01', '2021-11-09', 1, NULL, NULL, '2021-09-23 16:17:11', '2021-09-23 16:17:11'),
(190, 2, '190-2', 8, 8, 1, 1, '2.27', '2.27', 'Fundo de Reserva 11 Novembro Proposta Orcamental 2021', '2021-11-01', '2021-11-09', 1, NULL, NULL, '2021-09-23 16:17:11', '2021-09-23 16:17:11'),
(191, 2, '191-2', 8, 8, 1, 1, '22.73', '22.73', 'Quota 12 Dezembro Proposta Orcamental 2021', '2021-12-01', '2021-12-09', 1, NULL, NULL, '2021-09-23 16:17:12', '2021-09-23 16:17:11'),
(192, 2, '192-2', 8, 8, 1, 1, '2.27', '2.27', 'Fundo de Reserva 12 Dezembro Proposta Orcamental 2021', '2021-12-01', '2021-12-09', 1, NULL, NULL, '2021-09-23 16:17:12', '2021-09-23 16:17:12'),
(193, 2, '193-2', 9, 9, 1, 1, '22.73', '22.73', 'Quota 1 Janeiro Proposta Orcamental 2021', '2021-01-01', '2021-01-09', 1, NULL, NULL, '2021-09-23 16:17:12', '2021-09-23 16:17:12'),
(194, 2, '194-2', 9, 9, 1, 1, '2.27', '2.27', 'Fundo de Reserva 1 Janeiro Proposta Orcamental 2021', '2021-01-01', '2021-01-09', 1, NULL, NULL, '2021-09-23 16:17:12', '2021-09-23 16:17:12'),
(195, 2, '195-2', 9, 9, 1, 1, '22.73', '22.73', 'Quota 2 Fevereiro Proposta Orcamental 2021', '2021-02-01', '2021-02-09', 1, NULL, NULL, '2021-09-23 16:17:12', '2021-09-23 16:17:12'),
(196, 2, '196-2', 9, 9, 1, 1, '2.27', '2.27', 'Fundo de Reserva 2 Fevereiro Proposta Orcamental 2021', '2021-02-01', '2021-02-09', 1, NULL, NULL, '2021-09-23 16:17:12', '2021-09-23 16:17:12'),
(197, 2, '197-2', 9, 9, 1, 1, '22.73', '22.73', 'Quota 3 Março Proposta Orcamental 2021', '2021-03-01', '2021-03-09', 1, NULL, NULL, '2021-09-23 16:17:12', '2021-09-23 16:17:12'),
(198, 2, '198-2', 9, 9, 1, 1, '2.27', '2.27', 'Fundo de Reserva 3 Março Proposta Orcamental 2021', '2021-03-01', '2021-03-09', 1, NULL, NULL, '2021-09-23 16:17:13', '2021-09-23 16:17:13'),
(199, 2, '199-2', 9, 9, 1, 1, '22.73', '22.73', 'Quota 4 Abril Proposta Orcamental 2021', '2021-04-01', '2021-04-09', 1, NULL, NULL, '2021-09-23 16:17:13', '2021-09-23 16:17:13'),
(200, 2, '200-2', 9, 9, 1, 1, '2.27', '2.27', 'Fundo de Reserva 4 Abril Proposta Orcamental 2021', '2021-04-01', '2021-04-09', 1, NULL, NULL, '2021-09-23 16:17:13', '2021-09-23 16:17:13'),
(201, 2, '201-2', 9, 9, 1, 1, '22.73', '22.73', 'Quota 5 Maio Proposta Orcamental 2021', '2021-05-01', '2021-05-09', 1, NULL, NULL, '2021-09-23 16:17:13', '2021-09-23 16:17:13'),
(202, 2, '202-2', 9, 9, 1, 1, '2.27', '2.27', 'Fundo de Reserva 5 Maio Proposta Orcamental 2021', '2021-05-01', '2021-05-09', 1, NULL, NULL, '2021-09-23 16:17:13', '2021-09-23 16:17:13'),
(203, 2, '203-2', 9, 9, 1, 1, '22.73', '22.73', 'Quota 6 Junho Proposta Orcamental 2021', '2021-06-01', '2021-06-09', 1, NULL, NULL, '2021-09-23 16:17:13', '2021-09-23 16:17:13'),
(204, 2, '204-2', 9, 9, 1, 1, '2.27', '2.27', 'Fundo de Reserva 6 Junho Proposta Orcamental 2021', '2021-06-01', '2021-06-09', 1, NULL, NULL, '2021-09-23 16:17:13', '2021-09-23 16:17:13'),
(205, 2, '205-2', 9, 9, 1, 1, '22.73', '22.73', 'Quota 7 Julho Proposta Orcamental 2021', '2021-07-01', '2021-07-09', 1, NULL, NULL, '2021-09-23 16:17:14', '2021-09-23 16:17:14'),
(206, 2, '206-2', 9, 9, 1, 1, '2.27', '2.27', 'Fundo de Reserva 7 Julho Proposta Orcamental 2021', '2021-07-01', '2021-07-09', 1, NULL, NULL, '2021-09-23 16:17:14', '2021-09-23 16:17:14'),
(207, 2, '207-2', 9, 9, 1, 1, '22.73', '22.73', 'Quota 8 Agosto Proposta Orcamental 2021', '2021-08-01', '2021-08-09', 1, NULL, NULL, '2021-09-23 16:17:14', '2021-09-23 16:17:14'),
(208, 2, '208-2', 9, 9, 1, 1, '2.27', '2.27', 'Fundo de Reserva 8 Agosto Proposta Orcamental 2021', '2021-08-01', '2021-08-09', 1, NULL, NULL, '2021-09-23 16:17:14', '2021-09-23 16:17:14'),
(209, 2, '209-2', 9, 9, 1, 1, '22.73', '22.73', 'Quota 9 Setembro Proposta Orcamental 2021', '2021-09-01', '2021-09-09', 1, NULL, NULL, '2021-09-23 16:17:14', '2021-09-23 16:17:14'),
(210, 2, '210-2', 9, 9, 1, 1, '2.27', '2.27', 'Fundo de Reserva 9 Setembro Proposta Orcamental 2021', '2021-09-01', '2021-09-09', 1, NULL, NULL, '2021-09-23 16:17:14', '2021-09-23 16:17:14'),
(211, 2, '211-2', 9, 9, 1, 1, '22.73', '22.73', 'Quota 10 Outubro Proposta Orcamental 2021', '2021-10-01', '2021-10-09', 1, NULL, NULL, '2021-09-23 16:17:14', '2021-09-23 16:17:14'),
(212, 2, '212-2', 9, 9, 1, 1, '2.27', '2.27', 'Fundo de Reserva 10 Outubro Proposta Orcamental 2021', '2021-10-01', '2021-10-09', 1, NULL, NULL, '2021-09-23 16:17:15', '2021-09-23 16:17:14'),
(213, 2, '213-2', 9, 9, 1, 1, '22.73', '22.73', 'Quota 11 Novembro Proposta Orcamental 2021', '2021-11-01', '2021-11-09', 1, NULL, NULL, '2021-09-23 16:17:15', '2021-09-23 16:17:15'),
(214, 2, '214-2', 9, 9, 1, 1, '2.27', '2.27', 'Fundo de Reserva 11 Novembro Proposta Orcamental 2021', '2021-11-01', '2021-11-09', 1, NULL, NULL, '2021-09-23 16:17:15', '2021-09-23 16:17:15'),
(215, 2, '215-2', 9, 9, 1, 1, '22.73', '22.73', 'Quota 12 Dezembro Proposta Orcamental 2021', '2021-12-01', '2021-12-09', 1, NULL, NULL, '2021-09-23 16:17:15', '2021-09-23 16:17:15'),
(216, 2, '216-2', 9, 9, 1, 1, '2.27', '2.27', 'Fundo de Reserva 12 Dezembro Proposta Orcamental 2021', '2021-12-01', '2021-12-09', 1, NULL, NULL, '2021-09-23 16:17:15', '2021-09-23 16:17:15'),
(217, 2, '217-2', 10, 11, 1, 1, '22.73', '22.73', 'Quota 1 Janeiro Proposta Orcamental 2021', '2021-01-01', '2021-01-09', 1, NULL, NULL, '2021-09-23 16:17:15', '2021-09-23 16:17:15'),
(218, 2, '218-2', 10, 11, 1, 1, '2.27', '2.27', 'Fundo de Reserva 1 Janeiro Proposta Orcamental 2021', '2021-01-01', '2021-01-09', 1, NULL, NULL, '2021-09-23 16:17:15', '2021-09-23 16:17:15'),
(219, 2, '219-2', 10, 11, 1, 1, '22.73', '22.73', 'Quota 2 Fevereiro Proposta Orcamental 2021', '2021-02-01', '2021-02-09', 1, NULL, NULL, '2021-09-23 16:17:16', '2021-09-23 16:17:16'),
(220, 2, '220-2', 10, 11, 1, 1, '2.27', '2.27', 'Fundo de Reserva 2 Fevereiro Proposta Orcamental 2021', '2021-02-01', '2021-02-09', 1, NULL, NULL, '2021-09-23 16:17:16', '2021-09-23 16:17:16'),
(221, 2, '221-2', 10, 11, 1, 1, '22.73', '22.73', 'Quota 3 Março Proposta Orcamental 2021', '2021-03-01', '2021-03-09', 1, NULL, NULL, '2021-09-23 16:17:16', '2021-09-23 16:17:16'),
(222, 2, '222-2', 10, 11, 1, 1, '2.27', '2.27', 'Fundo de Reserva 3 Março Proposta Orcamental 2021', '2021-03-01', '2021-03-09', 1, NULL, NULL, '2021-09-23 16:17:16', '2021-09-23 16:17:16'),
(223, 2, '223-2', 10, 11, 1, 1, '22.73', '22.73', 'Quota 4 Abril Proposta Orcamental 2021', '2021-04-01', '2021-04-09', 1, NULL, NULL, '2021-09-23 16:17:16', '2021-09-23 16:17:16'),
(224, 2, '224-2', 10, 11, 1, 1, '2.27', '2.27', 'Fundo de Reserva 4 Abril Proposta Orcamental 2021', '2021-04-01', '2021-04-09', 1, NULL, NULL, '2021-09-23 16:17:16', '2021-09-23 16:17:16'),
(225, 2, '225-2', 10, 11, 1, 1, '22.73', '22.73', 'Quota 5 Maio Proposta Orcamental 2021', '2021-05-01', '2021-05-09', 1, NULL, NULL, '2021-09-23 16:17:16', '2021-09-23 16:17:16'),
(226, 2, '226-2', 10, 11, 1, 1, '2.27', '2.27', 'Fundo de Reserva 5 Maio Proposta Orcamental 2021', '2021-05-01', '2021-05-09', 1, NULL, NULL, '2021-09-23 16:17:16', '2021-09-23 16:17:16'),
(227, 2, '227-2', 10, 11, 1, 1, '22.73', '22.73', 'Quota 6 Junho Proposta Orcamental 2021', '2021-06-01', '2021-06-09', 1, NULL, NULL, '2021-09-23 16:17:16', '2021-09-23 16:17:16'),
(228, 2, '228-2', 10, 11, 1, 1, '2.27', '2.27', 'Fundo de Reserva 6 Junho Proposta Orcamental 2021', '2021-06-01', '2021-06-09', 1, NULL, NULL, '2021-09-23 16:17:17', '2021-09-23 16:17:17'),
(229, 2, '229-2', 10, 11, 1, 1, '22.73', '22.73', 'Quota 7 Julho Proposta Orcamental 2021', '2021-07-01', '2021-07-09', 1, NULL, NULL, '2021-09-23 16:17:17', '2021-09-23 16:17:17'),
(230, 2, '230-2', 10, 11, 1, 1, '2.27', '2.27', 'Fundo de Reserva 7 Julho Proposta Orcamental 2021', '2021-07-01', '2021-07-09', 1, NULL, NULL, '2021-09-23 16:17:17', '2021-09-23 16:17:17'),
(231, 2, '231-2', 10, 11, 1, 1, '22.73', '22.73', 'Quota 8 Agosto Proposta Orcamental 2021', '2021-08-01', '2021-08-09', 1, NULL, NULL, '2021-09-23 16:17:17', '2021-09-23 16:17:17'),
(232, 2, '232-2', 10, 11, 1, 1, '2.27', '2.27', 'Fundo de Reserva 8 Agosto Proposta Orcamental 2021', '2021-08-01', '2021-08-09', 1, NULL, NULL, '2021-09-23 16:17:17', '2021-09-23 16:17:17'),
(233, 2, '233-2', 10, 11, 1, 1, '22.73', '22.73', 'Quota 9 Setembro Proposta Orcamental 2021', '2021-09-01', '2021-09-09', 1, NULL, NULL, '2021-09-23 16:17:17', '2021-09-23 16:17:17'),
(234, 2, '234-2', 10, 11, 1, 1, '2.27', '2.27', 'Fundo de Reserva 9 Setembro Proposta Orcamental 2021', '2021-09-01', '2021-09-09', 1, NULL, NULL, '2021-09-23 16:17:17', '2021-09-23 16:17:17'),
(235, 2, '235-2', 10, 11, 1, 1, '22.73', '22.73', 'Quota 10 Outubro Proposta Orcamental 2021', '2021-10-01', '2021-10-09', 1, NULL, NULL, '2021-09-23 16:17:17', '2021-09-23 16:17:17'),
(236, 2, '236-2', 10, 11, 1, 1, '2.27', '2.27', 'Fundo de Reserva 10 Outubro Proposta Orcamental 2021', '2021-10-01', '2021-10-09', 1, NULL, NULL, '2021-09-23 16:17:18', '2021-09-23 16:17:18'),
(237, 2, '237-2', 10, 11, 1, 1, '22.73', '22.73', 'Quota 11 Novembro Proposta Orcamental 2021', '2021-11-01', '2021-11-09', 1, NULL, NULL, '2021-09-23 16:17:18', '2021-09-23 16:17:18'),
(238, 2, '238-2', 10, 11, 1, 1, '2.27', '2.27', 'Fundo de Reserva 11 Novembro Proposta Orcamental 2021', '2021-11-01', '2021-11-09', 1, NULL, NULL, '2021-09-23 16:17:18', '2021-09-23 16:17:18'),
(239, 2, '239-2', 10, 11, 1, 1, '22.73', '22.73', 'Quota 12 Dezembro Proposta Orcamental 2021', '2021-12-01', '2021-12-09', 1, NULL, NULL, '2021-09-23 16:17:18', '2021-09-23 16:17:18'),
(240, 2, '240-2', 10, 11, 1, 1, '2.27', '2.27', 'Fundo de Reserva 12 Dezembro Proposta Orcamental 2021', '2021-12-01', '2021-12-09', 1, NULL, NULL, '2021-09-23 16:17:18', '2021-09-23 16:17:18'),
(241, 2, '241-2', 10, 10, 1, 1, '22.73', '22.73', 'Quota 1 Janeiro Proposta Orcamental 2021', '2021-01-01', '2021-01-09', 1, NULL, NULL, '2021-09-23 16:17:18', '2021-09-23 16:17:18'),
(242, 2, '242-2', 10, 10, 1, 1, '2.27', '2.27', 'Fundo de Reserva 1 Janeiro Proposta Orcamental 2021', '2021-01-01', '2021-01-09', 1, NULL, NULL, '2021-09-23 16:17:18', '2021-09-23 16:17:18'),
(243, 2, '243-2', 10, 10, 1, 1, '22.73', '22.73', 'Quota 2 Fevereiro Proposta Orcamental 2021', '2021-02-01', '2021-02-09', 1, NULL, NULL, '2021-09-23 16:17:19', '2021-09-23 16:17:19'),
(244, 2, '244-2', 10, 10, 1, 1, '2.27', '2.27', 'Fundo de Reserva 2 Fevereiro Proposta Orcamental 2021', '2021-02-01', '2021-02-09', 1, NULL, NULL, '2021-09-23 16:17:19', '2021-09-23 16:17:19'),
(245, 2, '245-2', 10, 10, 1, 1, '22.73', '22.73', 'Quota 3 Março Proposta Orcamental 2021', '2021-03-01', '2021-03-09', 1, NULL, NULL, '2021-09-23 16:17:19', '2021-09-23 16:17:19'),
(246, 2, '246-2', 10, 10, 1, 1, '2.27', '2.27', 'Fundo de Reserva 3 Março Proposta Orcamental 2021', '2021-03-01', '2021-03-09', 1, NULL, NULL, '2021-09-23 16:17:19', '2021-09-23 16:17:19'),
(247, 2, '247-2', 10, 10, 1, 1, '22.73', '22.73', 'Quota 4 Abril Proposta Orcamental 2021', '2021-04-01', '2021-04-09', 1, NULL, NULL, '2021-09-23 16:17:19', '2021-09-23 16:17:19'),
(248, 2, '248-2', 10, 10, 1, 1, '2.27', '2.27', 'Fundo de Reserva 4 Abril Proposta Orcamental 2021', '2021-04-01', '2021-04-09', 1, NULL, NULL, '2021-09-23 16:17:19', '2021-09-23 16:17:19'),
(249, 2, '249-2', 10, 10, 1, 1, '22.73', '22.73', 'Quota 5 Maio Proposta Orcamental 2021', '2021-05-01', '2021-05-09', 1, NULL, NULL, '2021-09-23 16:17:20', '2021-09-23 16:17:19'),
(250, 2, '250-2', 10, 10, 1, 1, '2.27', '2.27', 'Fundo de Reserva 5 Maio Proposta Orcamental 2021', '2021-05-01', '2021-05-09', 1, NULL, NULL, '2021-09-23 16:17:20', '2021-09-23 16:17:20'),
(251, 2, '251-2', 10, 10, 1, 1, '22.73', '22.73', 'Quota 6 Junho Proposta Orcamental 2021', '2021-06-01', '2021-06-09', 1, NULL, NULL, '2021-09-23 16:17:20', '2021-09-23 16:17:20'),
(252, 2, '252-2', 10, 10, 1, 1, '2.27', '2.27', 'Fundo de Reserva 6 Junho Proposta Orcamental 2021', '2021-06-01', '2021-06-09', 1, NULL, NULL, '2021-09-23 16:17:20', '2021-09-23 16:17:20'),
(253, 2, '253-2', 10, 10, 1, 1, '22.73', '22.73', 'Quota 7 Julho Proposta Orcamental 2021', '2021-07-01', '2021-07-09', 1, NULL, NULL, '2021-09-23 16:17:20', '2021-09-23 16:17:20'),
(254, 2, '254-2', 10, 10, 1, 1, '2.27', '2.27', 'Fundo de Reserva 7 Julho Proposta Orcamental 2021', '2021-07-01', '2021-07-09', 1, NULL, NULL, '2021-09-23 16:17:20', '2021-09-23 16:17:20'),
(255, 2, '255-2', 10, 10, 1, 1, '22.73', '22.73', 'Quota 8 Agosto Proposta Orcamental 2021', '2021-08-01', '2021-08-09', 1, NULL, NULL, '2021-09-23 16:17:20', '2021-09-23 16:17:20'),
(256, 2, '256-2', 10, 10, 1, 1, '2.27', '2.27', 'Fundo de Reserva 8 Agosto Proposta Orcamental 2021', '2021-08-01', '2021-08-09', 1, NULL, NULL, '2021-09-23 16:17:20', '2021-09-23 16:17:20'),
(257, 2, '257-2', 10, 10, 1, 1, '22.73', '22.73', 'Quota 9 Setembro Proposta Orcamental 2021', '2021-09-01', '2021-09-09', 1, NULL, NULL, '2021-09-23 16:17:20', '2021-09-23 16:17:20'),
(258, 2, '258-2', 10, 10, 1, 1, '2.27', '2.27', 'Fundo de Reserva 9 Setembro Proposta Orcamental 2021', '2021-09-01', '2021-09-09', 1, NULL, NULL, '2021-09-23 16:17:21', '2021-09-23 16:17:21'),
(259, 2, '259-2', 10, 10, 1, 1, '22.73', '22.73', 'Quota 10 Outubro Proposta Orcamental 2021', '2021-10-01', '2021-10-09', 1, NULL, NULL, '2021-09-23 16:17:21', '2021-09-23 16:17:21'),
(260, 2, '260-2', 10, 10, 1, 1, '2.27', '2.27', 'Fundo de Reserva 10 Outubro Proposta Orcamental 2021', '2021-10-01', '2021-10-09', 1, NULL, NULL, '2021-09-23 16:17:21', '2021-09-23 16:17:21'),
(261, 2, '261-2', 10, 10, 1, 1, '22.73', '22.73', 'Quota 11 Novembro Proposta Orcamental 2021', '2021-11-01', '2021-11-09', 1, NULL, NULL, '2021-09-23 16:17:21', '2021-09-23 16:17:21'),
(262, 2, '262-2', 10, 10, 1, 1, '2.27', '2.27', 'Fundo de Reserva 11 Novembro Proposta Orcamental 2021', '2021-11-01', '2021-11-09', 1, NULL, NULL, '2021-09-23 16:17:21', '2021-09-23 16:17:21'),
(263, 2, '263-2', 10, 10, 1, 1, '22.73', '22.73', 'Quota 12 Dezembro Proposta Orcamental 2021', '2021-12-01', '2021-12-09', 1, NULL, NULL, '2021-09-23 16:17:21', '2021-09-23 16:17:21'),
(264, 2, '264-2', 10, 10, 1, 1, '2.27', '2.27', 'Fundo de Reserva 12 Dezembro Proposta Orcamental 2021', '2021-12-01', '2021-12-09', 1, NULL, NULL, '2021-09-23 16:17:21', '2021-09-23 16:17:21'),
(265, 2, '265-2', 11, 12, 1, 1, '22.73', '22.73', 'Quota 1 Janeiro Proposta Orcamental 2021', '2021-01-01', '2021-01-09', 1, NULL, NULL, '2021-09-23 16:17:22', '2021-09-23 16:17:21'),
(266, 2, '266-2', 11, 12, 1, 1, '2.27', '2.27', 'Fundo de Reserva 1 Janeiro Proposta Orcamental 2021', '2021-01-01', '2021-01-09', 1, NULL, NULL, '2021-09-23 16:17:22', '2021-09-23 16:17:22'),
(267, 2, '267-2', 11, 12, 1, 1, '22.73', '22.73', 'Quota 2 Fevereiro Proposta Orcamental 2021', '2021-02-01', '2021-02-09', 1, NULL, NULL, '2021-09-23 16:17:22', '2021-09-23 16:17:22'),
(268, 2, '268-2', 11, 12, 1, 1, '2.27', '2.27', 'Fundo de Reserva 2 Fevereiro Proposta Orcamental 2021', '2021-02-01', '2021-02-09', 1, NULL, NULL, '2021-09-23 16:17:22', '2021-09-23 16:17:22'),
(269, 2, '269-2', 11, 12, 1, 1, '22.73', '22.73', 'Quota 3 Março Proposta Orcamental 2021', '2021-03-01', '2021-03-09', 1, NULL, NULL, '2021-09-23 16:17:22', '2021-09-23 16:17:22');
INSERT INTO `notes` (`id`, `note_type_id`, `document`, `fraction_id`, `entity_id`, `fiscal_year_id`, `budget_id`, `amount`, `pending_amount`, `title`, `document_date`, `due_date`, `note_status_id`, `payment_date`, `receipt_id`, `modified`, `created`) VALUES
(270, 2, '270-2', 11, 12, 1, 1, '2.27', '2.27', 'Fundo de Reserva 3 Março Proposta Orcamental 2021', '2021-03-01', '2021-03-09', 1, NULL, NULL, '2021-09-23 16:17:22', '2021-09-23 16:17:22'),
(271, 2, '271-2', 11, 12, 1, 1, '22.73', '22.73', 'Quota 4 Abril Proposta Orcamental 2021', '2021-04-01', '2021-04-09', 1, NULL, NULL, '2021-09-23 16:17:22', '2021-09-23 16:17:22'),
(272, 2, '272-2', 11, 12, 1, 1, '2.27', '2.27', 'Fundo de Reserva 4 Abril Proposta Orcamental 2021', '2021-04-01', '2021-04-09', 1, NULL, NULL, '2021-09-23 16:17:23', '2021-09-23 16:17:22'),
(273, 2, '273-2', 11, 12, 1, 1, '22.73', '22.73', 'Quota 5 Maio Proposta Orcamental 2021', '2021-05-01', '2021-05-09', 1, NULL, NULL, '2021-09-23 16:17:23', '2021-09-23 16:17:23'),
(274, 2, '274-2', 11, 12, 1, 1, '2.27', '2.27', 'Fundo de Reserva 5 Maio Proposta Orcamental 2021', '2021-05-01', '2021-05-09', 1, NULL, NULL, '2021-09-23 16:17:23', '2021-09-23 16:17:23'),
(275, 2, '275-2', 11, 12, 1, 1, '22.73', '22.73', 'Quota 6 Junho Proposta Orcamental 2021', '2021-06-01', '2021-06-09', 1, NULL, NULL, '2021-09-23 16:17:23', '2021-09-23 16:17:23'),
(276, 2, '276-2', 11, 12, 1, 1, '2.27', '2.27', 'Fundo de Reserva 6 Junho Proposta Orcamental 2021', '2021-06-01', '2021-06-09', 1, NULL, NULL, '2021-09-23 16:17:23', '2021-09-23 16:17:23'),
(277, 2, '277-2', 11, 12, 1, 1, '22.73', '22.73', 'Quota 7 Julho Proposta Orcamental 2021', '2021-07-01', '2021-07-09', 1, NULL, NULL, '2021-09-23 16:17:23', '2021-09-23 16:17:23'),
(278, 2, '278-2', 11, 12, 1, 1, '2.27', '2.27', 'Fundo de Reserva 7 Julho Proposta Orcamental 2021', '2021-07-01', '2021-07-09', 1, NULL, NULL, '2021-09-23 16:17:23', '2021-09-23 16:17:23'),
(279, 2, '279-2', 11, 12, 1, 1, '22.73', '22.73', 'Quota 8 Agosto Proposta Orcamental 2021', '2021-08-01', '2021-08-09', 1, NULL, NULL, '2021-09-23 16:17:23', '2021-09-23 16:17:23'),
(280, 2, '280-2', 11, 12, 1, 1, '2.27', '2.27', 'Fundo de Reserva 8 Agosto Proposta Orcamental 2021', '2021-08-01', '2021-08-09', 1, NULL, NULL, '2021-09-23 16:17:23', '2021-09-23 16:17:23'),
(281, 2, '281-2', 11, 12, 1, 1, '22.73', '22.73', 'Quota 9 Setembro Proposta Orcamental 2021', '2021-09-01', '2021-09-09', 1, NULL, NULL, '2021-09-23 16:17:24', '2021-09-23 16:17:23'),
(282, 2, '282-2', 11, 12, 1, 1, '2.27', '2.27', 'Fundo de Reserva 9 Setembro Proposta Orcamental 2021', '2021-09-01', '2021-09-09', 1, NULL, NULL, '2021-09-23 16:17:24', '2021-09-23 16:17:24'),
(283, 2, '283-2', 11, 12, 1, 1, '22.73', '22.73', 'Quota 10 Outubro Proposta Orcamental 2021', '2021-10-01', '2021-10-09', 1, NULL, NULL, '2021-09-23 16:17:24', '2021-09-23 16:17:24'),
(284, 2, '284-2', 11, 12, 1, 1, '2.27', '2.27', 'Fundo de Reserva 10 Outubro Proposta Orcamental 2021', '2021-10-01', '2021-10-09', 1, NULL, NULL, '2021-09-23 16:17:24', '2021-09-23 16:17:24'),
(285, 2, '285-2', 11, 12, 1, 1, '22.73', '22.73', 'Quota 11 Novembro Proposta Orcamental 2021', '2021-11-01', '2021-11-09', 1, NULL, NULL, '2021-09-23 16:17:24', '2021-09-23 16:17:24'),
(286, 2, '286-2', 11, 12, 1, 1, '2.27', '2.27', 'Fundo de Reserva 11 Novembro Proposta Orcamental 2021', '2021-11-01', '2021-11-09', 1, NULL, NULL, '2021-09-23 16:17:24', '2021-09-23 16:17:24'),
(287, 2, '287-2', 11, 12, 1, 1, '22.73', '22.73', 'Quota 12 Dezembro Proposta Orcamental 2021', '2021-12-01', '2021-12-09', 1, NULL, NULL, '2021-09-23 16:17:24', '2021-09-23 16:17:24'),
(288, 2, '288-2', 11, 12, 1, 1, '2.27', '2.27', 'Fundo de Reserva 12 Dezembro Proposta Orcamental 2021', '2021-12-01', '2021-12-09', 1, NULL, NULL, '2021-09-23 16:17:24', '2021-09-23 16:17:24'),
(289, 2, '289-2', 12, 13, 1, 1, '22.73', '22.73', 'Quota 1 Janeiro Proposta Orcamental 2021', '2021-01-01', '2021-01-09', 1, NULL, NULL, '2021-09-23 16:17:25', '2021-09-23 16:17:24'),
(290, 2, '290-2', 12, 13, 1, 1, '2.27', '2.27', 'Fundo de Reserva 1 Janeiro Proposta Orcamental 2021', '2021-01-01', '2021-01-09', 1, NULL, NULL, '2021-09-23 16:17:25', '2021-09-23 16:17:25'),
(291, 2, '291-2', 12, 13, 1, 1, '22.73', '22.73', 'Quota 2 Fevereiro Proposta Orcamental 2021', '2021-02-01', '2021-02-09', 1, NULL, NULL, '2021-09-23 16:17:25', '2021-09-23 16:17:25'),
(292, 2, '292-2', 12, 13, 1, 1, '2.27', '2.27', 'Fundo de Reserva 2 Fevereiro Proposta Orcamental 2021', '2021-02-01', '2021-02-09', 1, NULL, NULL, '2021-09-23 16:17:25', '2021-09-23 16:17:25'),
(293, 2, '293-2', 12, 13, 1, 1, '22.73', '22.73', 'Quota 3 Março Proposta Orcamental 2021', '2021-03-01', '2021-03-09', 1, NULL, NULL, '2021-09-23 16:17:25', '2021-09-23 16:17:25'),
(294, 2, '294-2', 12, 13, 1, 1, '2.27', '2.27', 'Fundo de Reserva 3 Março Proposta Orcamental 2021', '2021-03-01', '2021-03-09', 1, NULL, NULL, '2021-09-23 16:17:25', '2021-09-23 16:17:25'),
(295, 2, '295-2', 12, 13, 1, 1, '22.73', '22.73', 'Quota 4 Abril Proposta Orcamental 2021', '2021-04-01', '2021-04-09', 1, NULL, NULL, '2021-09-23 16:17:25', '2021-09-23 16:17:25'),
(296, 2, '296-2', 12, 13, 1, 1, '2.27', '2.27', 'Fundo de Reserva 4 Abril Proposta Orcamental 2021', '2021-04-01', '2021-04-09', 1, NULL, NULL, '2021-09-23 16:17:25', '2021-09-23 16:17:25'),
(297, 2, '297-2', 12, 13, 1, 1, '22.73', '22.73', 'Quota 5 Maio Proposta Orcamental 2021', '2021-05-01', '2021-05-09', 1, NULL, NULL, '2021-09-23 16:17:26', '2021-09-23 16:17:26'),
(298, 2, '298-2', 12, 13, 1, 1, '2.27', '2.27', 'Fundo de Reserva 5 Maio Proposta Orcamental 2021', '2021-05-01', '2021-05-09', 1, NULL, NULL, '2021-09-23 16:17:26', '2021-09-23 16:17:26'),
(299, 2, '299-2', 12, 13, 1, 1, '22.73', '22.73', 'Quota 6 Junho Proposta Orcamental 2021', '2021-06-01', '2021-06-09', 1, NULL, NULL, '2021-09-23 16:17:26', '2021-09-23 16:17:26'),
(300, 2, '300-2', 12, 13, 1, 1, '2.27', '2.27', 'Fundo de Reserva 6 Junho Proposta Orcamental 2021', '2021-06-01', '2021-06-09', 1, NULL, NULL, '2021-09-23 16:17:26', '2021-09-23 16:17:26'),
(301, 2, '301-2', 12, 13, 1, 1, '22.73', '22.73', 'Quota 7 Julho Proposta Orcamental 2021', '2021-07-01', '2021-07-09', 1, NULL, NULL, '2021-09-23 16:17:26', '2021-09-23 16:17:26'),
(302, 2, '302-2', 12, 13, 1, 1, '2.27', '2.27', 'Fundo de Reserva 7 Julho Proposta Orcamental 2021', '2021-07-01', '2021-07-09', 1, NULL, NULL, '2021-09-23 16:17:26', '2021-09-23 16:17:26'),
(303, 2, '303-2', 12, 13, 1, 1, '22.73', '22.73', 'Quota 8 Agosto Proposta Orcamental 2021', '2021-08-01', '2021-08-09', 1, NULL, NULL, '2021-09-23 16:17:26', '2021-09-23 16:17:26'),
(304, 2, '304-2', 12, 13, 1, 1, '2.27', '2.27', 'Fundo de Reserva 8 Agosto Proposta Orcamental 2021', '2021-08-01', '2021-08-09', 1, NULL, NULL, '2021-09-23 16:17:26', '2021-09-23 16:17:26'),
(305, 2, '305-2', 12, 13, 1, 1, '22.73', '22.73', 'Quota 9 Setembro Proposta Orcamental 2021', '2021-09-01', '2021-09-09', 1, NULL, NULL, '2021-09-23 16:17:27', '2021-09-23 16:17:27'),
(306, 2, '306-2', 12, 13, 1, 1, '2.27', '2.27', 'Fundo de Reserva 9 Setembro Proposta Orcamental 2021', '2021-09-01', '2021-09-09', 1, NULL, NULL, '2021-09-23 16:17:27', '2021-09-23 16:17:27'),
(307, 2, '307-2', 12, 13, 1, 1, '22.73', '22.73', 'Quota 10 Outubro Proposta Orcamental 2021', '2021-10-01', '2021-10-09', 1, NULL, NULL, '2021-09-23 16:17:27', '2021-09-23 16:17:27'),
(308, 2, '308-2', 12, 13, 1, 1, '2.27', '2.27', 'Fundo de Reserva 10 Outubro Proposta Orcamental 2021', '2021-10-01', '2021-10-09', 1, NULL, NULL, '2021-09-23 16:17:27', '2021-09-23 16:17:27'),
(309, 2, '309-2', 12, 13, 1, 1, '22.73', '22.73', 'Quota 11 Novembro Proposta Orcamental 2021', '2021-11-01', '2021-11-09', 1, NULL, NULL, '2021-09-23 16:17:27', '2021-09-23 16:17:27'),
(310, 2, '310-2', 12, 13, 1, 1, '2.27', '2.27', 'Fundo de Reserva 11 Novembro Proposta Orcamental 2021', '2021-11-01', '2021-11-09', 1, NULL, NULL, '2021-09-23 16:17:27', '2021-09-23 16:17:27'),
(311, 2, '311-2', 12, 13, 1, 1, '22.73', '22.73', 'Quota 12 Dezembro Proposta Orcamental 2021', '2021-12-01', '2021-12-09', 1, NULL, NULL, '2021-09-23 16:17:27', '2021-09-23 16:17:27'),
(312, 2, '312-2', 12, 13, 1, 1, '2.27', '2.27', 'Fundo de Reserva 12 Dezembro Proposta Orcamental 2021', '2021-12-01', '2021-12-09', 1, NULL, NULL, '2021-09-23 16:17:27', '2021-09-23 16:17:27'),
(313, 2, '313-2', 13, 14, 1, 1, '22.73', '22.73', 'Quota 1 Janeiro Proposta Orcamental 2021', '2021-01-01', '2021-01-09', 1, NULL, NULL, '2021-09-23 16:17:28', '2021-09-23 16:17:27'),
(314, 2, '314-2', 13, 14, 1, 1, '2.27', '2.27', 'Fundo de Reserva 1 Janeiro Proposta Orcamental 2021', '2021-01-01', '2021-01-09', 1, NULL, NULL, '2021-09-23 16:17:28', '2021-09-23 16:17:28'),
(315, 2, '315-2', 13, 14, 1, 1, '22.73', '22.73', 'Quota 2 Fevereiro Proposta Orcamental 2021', '2021-02-01', '2021-02-09', 1, NULL, NULL, '2021-09-23 16:17:28', '2021-09-23 16:17:28'),
(316, 2, '316-2', 13, 14, 1, 1, '2.27', '2.27', 'Fundo de Reserva 2 Fevereiro Proposta Orcamental 2021', '2021-02-01', '2021-02-09', 1, NULL, NULL, '2021-09-23 16:17:28', '2021-09-23 16:17:28'),
(317, 2, '317-2', 13, 14, 1, 1, '22.73', '22.73', 'Quota 3 Março Proposta Orcamental 2021', '2021-03-01', '2021-03-09', 1, NULL, NULL, '2021-09-23 16:17:28', '2021-09-23 16:17:28'),
(318, 2, '318-2', 13, 14, 1, 1, '2.27', '2.27', 'Fundo de Reserva 3 Março Proposta Orcamental 2021', '2021-03-01', '2021-03-09', 1, NULL, NULL, '2021-09-23 16:17:28', '2021-09-23 16:17:28'),
(319, 2, '319-2', 13, 14, 1, 1, '22.73', '22.73', 'Quota 4 Abril Proposta Orcamental 2021', '2021-04-01', '2021-04-09', 1, NULL, NULL, '2021-09-23 16:17:28', '2021-09-23 16:17:28'),
(320, 2, '320-2', 13, 14, 1, 1, '2.27', '2.27', 'Fundo de Reserva 4 Abril Proposta Orcamental 2021', '2021-04-01', '2021-04-09', 1, NULL, NULL, '2021-09-23 16:17:28', '2021-09-23 16:17:28'),
(321, 2, '321-2', 13, 14, 1, 1, '22.73', '22.73', 'Quota 5 Maio Proposta Orcamental 2021', '2021-05-01', '2021-05-09', 1, NULL, NULL, '2021-09-23 16:17:28', '2021-09-23 16:17:28'),
(322, 2, '322-2', 13, 14, 1, 1, '2.27', '2.27', 'Fundo de Reserva 5 Maio Proposta Orcamental 2021', '2021-05-01', '2021-05-09', 1, NULL, NULL, '2021-09-23 16:17:29', '2021-09-23 16:17:29'),
(323, 2, '323-2', 13, 14, 1, 1, '22.73', '22.73', 'Quota 6 Junho Proposta Orcamental 2021', '2021-06-01', '2021-06-09', 1, NULL, NULL, '2021-09-23 16:17:29', '2021-09-23 16:17:29'),
(324, 2, '324-2', 13, 14, 1, 1, '2.27', '2.27', 'Fundo de Reserva 6 Junho Proposta Orcamental 2021', '2021-06-01', '2021-06-09', 1, NULL, NULL, '2021-09-23 16:17:29', '2021-09-23 16:17:29'),
(325, 2, '325-2', 13, 14, 1, 1, '22.73', '22.73', 'Quota 7 Julho Proposta Orcamental 2021', '2021-07-01', '2021-07-09', 1, NULL, NULL, '2021-09-23 16:17:29', '2021-09-23 16:17:29'),
(326, 2, '326-2', 13, 14, 1, 1, '2.27', '2.27', 'Fundo de Reserva 7 Julho Proposta Orcamental 2021', '2021-07-01', '2021-07-09', 1, NULL, NULL, '2021-09-23 16:17:29', '2021-09-23 16:17:29'),
(327, 2, '327-2', 13, 14, 1, 1, '22.73', '22.73', 'Quota 8 Agosto Proposta Orcamental 2021', '2021-08-01', '2021-08-09', 1, NULL, NULL, '2021-09-23 16:17:29', '2021-09-23 16:17:29'),
(328, 2, '328-2', 13, 14, 1, 1, '2.27', '2.27', 'Fundo de Reserva 8 Agosto Proposta Orcamental 2021', '2021-08-01', '2021-08-09', 1, NULL, NULL, '2021-09-23 16:17:29', '2021-09-23 16:17:29'),
(329, 2, '329-2', 13, 14, 1, 1, '22.73', '22.73', 'Quota 9 Setembro Proposta Orcamental 2021', '2021-09-01', '2021-09-09', 1, NULL, NULL, '2021-09-23 16:17:30', '2021-09-23 16:17:29'),
(330, 2, '330-2', 13, 14, 1, 1, '2.27', '2.27', 'Fundo de Reserva 9 Setembro Proposta Orcamental 2021', '2021-09-01', '2021-09-09', 1, NULL, NULL, '2021-09-23 16:17:30', '2021-09-23 16:17:30'),
(331, 2, '331-2', 13, 14, 1, 1, '22.73', '22.73', 'Quota 10 Outubro Proposta Orcamental 2021', '2021-10-01', '2021-10-09', 1, NULL, NULL, '2021-09-23 16:17:30', '2021-09-23 16:17:30'),
(332, 2, '332-2', 13, 14, 1, 1, '2.27', '2.27', 'Fundo de Reserva 10 Outubro Proposta Orcamental 2021', '2021-10-01', '2021-10-09', 1, NULL, NULL, '2021-09-23 16:17:30', '2021-09-23 16:17:30'),
(333, 2, '333-2', 13, 14, 1, 1, '22.73', '22.73', 'Quota 11 Novembro Proposta Orcamental 2021', '2021-11-01', '2021-11-09', 1, NULL, NULL, '2021-09-23 16:17:30', '2021-09-23 16:17:30'),
(334, 2, '334-2', 13, 14, 1, 1, '2.27', '2.27', 'Fundo de Reserva 11 Novembro Proposta Orcamental 2021', '2021-11-01', '2021-11-09', 1, NULL, NULL, '2021-09-23 16:17:30', '2021-09-23 16:17:30'),
(335, 2, '335-2', 13, 14, 1, 1, '22.73', '22.73', 'Quota 12 Dezembro Proposta Orcamental 2021', '2021-12-01', '2021-12-09', 1, NULL, NULL, '2021-09-23 16:17:30', '2021-09-23 16:17:30'),
(336, 2, '336-2', 13, 14, 1, 1, '2.27', '2.27', 'Fundo de Reserva 12 Dezembro Proposta Orcamental 2021', '2021-12-01', '2021-12-09', 1, NULL, NULL, '2021-09-23 16:17:30', '2021-09-23 16:17:30'),
(337, 2, '337-2', 14, 15, 1, 1, '22.73', '22.73', 'Quota 1 Janeiro Proposta Orcamental 2021', '2021-01-01', '2021-01-09', 1, NULL, NULL, '2021-09-23 16:17:31', '2021-09-23 16:17:30'),
(338, 2, '338-2', 14, 15, 1, 1, '2.27', '2.27', 'Fundo de Reserva 1 Janeiro Proposta Orcamental 2021', '2021-01-01', '2021-01-09', 1, NULL, NULL, '2021-09-23 16:17:31', '2021-09-23 16:17:31'),
(339, 2, '339-2', 14, 15, 1, 1, '22.73', '22.73', 'Quota 2 Fevereiro Proposta Orcamental 2021', '2021-02-01', '2021-02-09', 1, NULL, NULL, '2021-09-23 16:17:31', '2021-09-23 16:17:31'),
(340, 2, '340-2', 14, 15, 1, 1, '2.27', '2.27', 'Fundo de Reserva 2 Fevereiro Proposta Orcamental 2021', '2021-02-01', '2021-02-09', 1, NULL, NULL, '2021-09-23 16:17:31', '2021-09-23 16:17:31'),
(341, 2, '341-2', 14, 15, 1, 1, '22.73', '22.73', 'Quota 3 Março Proposta Orcamental 2021', '2021-03-01', '2021-03-09', 1, NULL, NULL, '2021-09-23 16:17:31', '2021-09-23 16:17:31'),
(342, 2, '342-2', 14, 15, 1, 1, '2.27', '2.27', 'Fundo de Reserva 3 Março Proposta Orcamental 2021', '2021-03-01', '2021-03-09', 1, NULL, NULL, '2021-09-23 16:17:31', '2021-09-23 16:17:31'),
(343, 2, '343-2', 14, 15, 1, 1, '22.73', '22.73', 'Quota 4 Abril Proposta Orcamental 2021', '2021-04-01', '2021-04-09', 1, NULL, NULL, '2021-09-23 16:17:31', '2021-09-23 16:17:31'),
(344, 2, '344-2', 14, 15, 1, 1, '2.27', '2.27', 'Fundo de Reserva 4 Abril Proposta Orcamental 2021', '2021-04-01', '2021-04-09', 1, NULL, NULL, '2021-09-23 16:17:32', '2021-09-23 16:17:32'),
(345, 2, '345-2', 14, 15, 1, 1, '22.73', '22.73', 'Quota 5 Maio Proposta Orcamental 2021', '2021-05-01', '2021-05-09', 1, NULL, NULL, '2021-09-23 16:17:32', '2021-09-23 16:17:32'),
(346, 2, '346-2', 14, 15, 1, 1, '2.27', '2.27', 'Fundo de Reserva 5 Maio Proposta Orcamental 2021', '2021-05-01', '2021-05-09', 1, NULL, NULL, '2021-09-23 16:17:33', '2021-09-23 16:17:33'),
(347, 2, '347-2', 14, 15, 1, 1, '22.73', '22.73', 'Quota 6 Junho Proposta Orcamental 2021', '2021-06-01', '2021-06-09', 1, NULL, NULL, '2021-09-23 16:17:33', '2021-09-23 16:17:33'),
(348, 2, '348-2', 14, 15, 1, 1, '2.27', '2.27', 'Fundo de Reserva 6 Junho Proposta Orcamental 2021', '2021-06-01', '2021-06-09', 1, NULL, NULL, '2021-09-23 16:17:33', '2021-09-23 16:17:33'),
(349, 2, '349-2', 14, 15, 1, 1, '22.73', '22.73', 'Quota 7 Julho Proposta Orcamental 2021', '2021-07-01', '2021-07-09', 1, NULL, NULL, '2021-09-23 16:17:33', '2021-09-23 16:17:33'),
(350, 2, '350-2', 14, 15, 1, 1, '2.27', '2.27', 'Fundo de Reserva 7 Julho Proposta Orcamental 2021', '2021-07-01', '2021-07-09', 1, NULL, NULL, '2021-09-23 16:17:33', '2021-09-23 16:17:33'),
(351, 2, '351-2', 14, 15, 1, 1, '22.73', '22.73', 'Quota 8 Agosto Proposta Orcamental 2021', '2021-08-01', '2021-08-09', 1, NULL, NULL, '2021-09-23 16:17:33', '2021-09-23 16:17:33'),
(352, 2, '352-2', 14, 15, 1, 1, '2.27', '2.27', 'Fundo de Reserva 8 Agosto Proposta Orcamental 2021', '2021-08-01', '2021-08-09', 1, NULL, NULL, '2021-09-23 16:17:33', '2021-09-23 16:17:33'),
(353, 2, '353-2', 14, 15, 1, 1, '22.73', '22.73', 'Quota 9 Setembro Proposta Orcamental 2021', '2021-09-01', '2021-09-09', 1, NULL, NULL, '2021-09-23 16:17:34', '2021-09-23 16:17:33'),
(354, 2, '354-2', 14, 15, 1, 1, '2.27', '2.27', 'Fundo de Reserva 9 Setembro Proposta Orcamental 2021', '2021-09-01', '2021-09-09', 1, NULL, NULL, '2021-09-23 16:17:34', '2021-09-23 16:17:34'),
(355, 2, '355-2', 14, 15, 1, 1, '22.73', '22.73', 'Quota 10 Outubro Proposta Orcamental 2021', '2021-10-01', '2021-10-09', 1, NULL, NULL, '2021-09-23 16:17:34', '2021-09-23 16:17:34'),
(356, 2, '356-2', 14, 15, 1, 1, '2.27', '2.27', 'Fundo de Reserva 10 Outubro Proposta Orcamental 2021', '2021-10-01', '2021-10-09', 1, NULL, NULL, '2021-09-23 16:17:34', '2021-09-23 16:17:34'),
(357, 2, '357-2', 14, 15, 1, 1, '22.73', '22.73', 'Quota 11 Novembro Proposta Orcamental 2021', '2021-11-01', '2021-11-09', 1, NULL, NULL, '2021-09-23 16:17:34', '2021-09-23 16:17:34'),
(358, 2, '358-2', 14, 15, 1, 1, '2.27', '2.27', 'Fundo de Reserva 11 Novembro Proposta Orcamental 2021', '2021-11-01', '2021-11-09', 1, NULL, NULL, '2021-09-23 16:17:34', '2021-09-23 16:17:34'),
(359, 2, '359-2', 14, 15, 1, 1, '22.73', '22.73', 'Quota 12 Dezembro Proposta Orcamental 2021', '2021-12-01', '2021-12-09', 1, NULL, NULL, '2021-09-23 16:17:35', '2021-09-23 16:17:35'),
(360, 2, '360-2', 14, 15, 1, 1, '2.27', '2.27', 'Fundo de Reserva 12 Dezembro Proposta Orcamental 2021', '2021-12-01', '2021-12-09', 1, NULL, NULL, '2021-09-23 16:17:35', '2021-09-23 16:17:35');

-- --------------------------------------------------------

TRUNCATE TABLE `receipts`;
--
-- Extraindo dados da tabela `receipts`
--

INSERT INTO `receipts` (`id`, `document`, `document_date`, `receipt_status_id`, `payment_user_id`, `receipt_payment_type_id`, `payment_date`, `total_amount`, `condo_id`, `fraction_id`, `client_id`, `address`, `observations`, `cancel_user_id`, `cancel_motive`, `modified`, `created`) VALUES
(1, '12021-000001', '2021-01-01', 3, 1, 1, '2021-01-08', '15.00', 1, 1, 1, 'Rua da Escola Primária N51 1ºDto', '', NULL, NULL, '2021-09-26 19:52:14', '2021-09-26 19:47:08'),
(2, '12021-000002', '2021-02-01', 3, 1, 3, '2021-02-08', '15.00', 1, 1, 1, 'Rua da Escola Primária N51 1ºDto', '', NULL, NULL, '2021-09-26 19:53:51', '2021-09-26 19:52:45'),
(3, '12021-000003', '2021-03-01', 3, 1, 3, '2021-09-26', '15.00', 1, 1, 1, 'Rua da Escola Primária N51 1ºDto', '', NULL, NULL, '2021-09-26 20:04:10', '2021-09-26 19:54:16'),
(5, '12021-000005', '2021-04-01', 3, 1, 3, '2021-09-26', '15.00', 1, 1, 1, 'Rua da Escola Primária N51 1ºDto', '', NULL, NULL, '2021-09-26 20:03:49', '2021-09-26 19:56:38'),
(6, '12021-000006', '2021-05-01', 3, 1, 3, '2021-09-26', '15.00', 1, 1, 1, 'Rua da Escola Primária N51 1ºDto', '', NULL, NULL, '2021-09-26 20:03:28', '2021-09-26 20:00:38'),
(7, '12021-000007', '2021-09-01', 3, 1, 5, '2021-09-08', '60.00', 1, 1, 1, 'Rua da Escola Primária N51 1ºDto', '', NULL, NULL, '2021-09-26 20:02:29', '2021-09-26 20:01:22'),
(8, '12021-000008', '2021-01-01', 3, 1, 5, '2021-01-08', '15.00', 1, 2, 2, 'Rua do Casal Do Marco N36\r\nCasal do Marco\r\nSeixal', '', NULL, NULL, '2021-09-27 13:47:39', '2021-09-26 20:07:27'),
(9, '12021-000009', '2021-10-01', 1, NULL, 1, NULL, '15.00', 1, 1, 1, 'Rua da Escola Primária N51 1ºDto', '', NULL, NULL, '2021-10-16 23:54:50', '2021-09-27 13:49:44'),
(10, '12021-000010', '2021-05-01', 3, 1, 1, '2021-05-30', '60.00', 1, 2, 2, 'Rua do Casal Do Marco N36\r\nCasal do Marco\r\nSeixal', '', NULL, NULL, '2021-09-27 15:06:35', '2021-09-27 15:05:15'),
(11, '12021-000011', '2021-09-01', 2, NULL, 1, NULL, '43.64', 1, 2, 2, 'Rua do Casal Do Marco N36\r\nCasal do Marco\r\nSeixal', 'Teste ', NULL, NULL, '2021-11-21 23:04:57', '2021-09-27 15:08:18'),
(12, '12021-000012', '2021-03-01', 3, 1, 1, '2021-03-08', '75.00', 1, 3, 3, 'Rua da Escola Primária Nº51\r\n5482-651 Beja', '', NULL, NULL, '2021-09-27 15:10:58', '2021-09-27 15:10:03'),
(13, '12021-000013', '2021-09-01', 3, 1, 3, '2021-09-08', '150.00', 1, 3, 3, 'Rua da Escola Primária Nº51\r\n5482-651 Beja', '', NULL, NULL, '2021-09-27 15:12:55', '2021-09-27 15:12:13'),
(14, '12021-000014', '2021-01-01', 3, 1, 1, '2021-01-08', '25.00', 1, 4, 4, 'Rua da Escola Primária n51\r\n5482-651 Beja', '', NULL, NULL, '2021-09-27 15:16:30', '2021-09-27 15:15:43'),
(15, '12021-000015', '2021-02-01', 3, 1, 1, '2021-02-08', '25.00', 1, 4, 4, 'Rua da Escola Primária n51\r\n5482-651 Beja', '', NULL, NULL, '2021-09-27 15:17:47', '2021-09-27 15:16:56'),
(16, '12021-000016', '2021-03-01', 3, 1, 1, '2021-03-08', '25.00', 1, 4, 4, 'Rua da Escola Primária n51\r\n5482-651 Beja', '', NULL, NULL, '2021-09-27 15:19:28', '2021-09-27 15:18:43'),
(17, '12021-000017', '2021-09-01', 3, 1, 5, '2021-09-08', '150.00', 1, 4, 4, 'Rua da Escola Primária n51\r\n5482-651 Beja', '', NULL, NULL, '2021-09-27 15:20:44', '2021-09-27 15:19:50'),
(22, '12021-000019', '2021-11-04', 1, NULL, NULL, NULL, '0.00', 1, 1, 1, 'Rua da Escola Primária N51 1ºDto', '', NULL, NULL, '2021-11-04 22:50:57', '2021-11-04 22:50:57');

-- --------------------------------------------------------

TRUNCATE TABLE `receipt_counters`;
--
-- Extraindo dados da tabela `receipt_counters`
--

INSERT INTO `receipt_counters` (`id`, `condo_id`, `counter`, `modified`, `created`) VALUES
(1, 1, 19, '2021-09-23 14:53:53', '2021-09-23 14:53:53');

-- --------------------------------------------------------

--
-- Truncar tabela antes do insert `suppliers`
--

TRUNCATE TABLE `suppliers`;
--
-- Extraindo dados da tabela `suppliers`
--

INSERT INTO `suppliers` (`id`, `name`, `vat_number`, `representative`, `address`, `contacts`, `email`, `bank`, `nib`, `comments`, `modified`, `created`) VALUES
(1, 'IRS', '', '', '', '', '', '', '', '', '2021-09-27 13:27:44', '2021-09-27 13:27:44'),
(2, 'Paulo Pereira Pinturas e Construção Civil', '', 'Paulo Pereira', '', '', '', '', '', '', '2021-09-27 13:30:49', '2021-09-27 13:30:49'),
(3, 'Jorge Ratinho', '', '', '', '', '', '', '', '', '2021-09-27 13:34:16', '2021-09-27 13:34:16'),
(4, 'EDP', '', '', '', '', '', '', '', '', '2021-09-27 13:35:50', '2021-09-27 13:35:50'),
(5, 'Ascensul Elevadores', '', '', '', '', '', '', '', '', '2021-09-27 13:41:20', '2021-09-27 13:41:20');

-- --------------------------------------------------------


TRUNCATE TABLE `supports`;
--
-- Extraindo dados da tabela `supports`
--

INSERT INTO `supports` (`id`, `condo_id`, `fraction_id`, `client_id`, `subject`, `description`, `notes`, `support_category_id`, `support_priority_id`, `support_status_id`, `assigned_user_id`, `created`, `modified`) VALUES
(1, 1, 14, 15, 'Cleaning', 'bad cleanings', '', 3, 2, 2, 2, '2021-09-27 15:22:10', '2021-09-27 15:22:10');

-- --------------------------------------------------------

SET FOREIGN_KEY_CHECKS=1;
COMMIT;

/*!40101 SET CHARACTER_SET_CLIENT=@OLD_CHARACTER_SET_CLIENT */;
/*!40101 SET CHARACTER_SET_RESULTS=@OLD_CHARACTER_SET_RESULTS */;
/*!40101 SET COLLATION_CONNECTION=@OLD_COLLATION_CONNECTION */;
